sample_ID,project_name,Host-genus,Species,Genotype,Cluster,Fragment_number,Bag_number,Diver_names,Reef_name,geo_loc_name,lat_lon,collection_date,depth,env_biome,env_feature,env_material,env_package
pSN1_139_3_P11-14-18,Persist-Resist,Acropora,palmata,SN1,139,3,1,Ben_Allan,Pickles,USA,,11/14/18,,coral_reef,coral_head,tissue,host-associated
pSN1_139_5_P11-14-18,Persist-Resist,Acropora,palmata,SN1,139,5,2,Ben_Allan,Pickles,USA,,11/14/18,,coral_reef,coral_head,tissue,host-associated
pSN1_139_6_P11-14-18,Persist-Resist,Acropora,palmata,SN1,139,6,3,Ben_Allan,Pickles,USA,,11/14/18,,coral_reef,coral_head,tissue,host-associated
pSN1_134_4_P11-14-18,Persist-Resist,Acropora,palmata,SN1,134,4,4,Ben_Allan,Pickles,USA,,11/14/18,,coral_reef,coral_head,tissue,host-associated
pSN1_134_5_P11-14-18,Persist-Resist,Acropora,palmata,SN1,134,5,5,Ben_Allan,Pickles,USA,,11/14/18,,coral_reef,coral_head,tissue,host-associated
pSN1_134_6_P11-14-18,Persist-Resist,Acropora,palmata,SN1,134,6,6,Ben_Allan,Pickles,USA,,11/14/18,,coral_reef,coral_head,tissue,host-associated
pSN1_130_3_P11-14-18,Persist-Resist,Acropora,palmata,SN1,130,3,7,Ben_Allan,Pickles,USA,,11/14/18,,coral_reef,coral_head,tissue,host-associated
pSN1_130_5_P11-14-18,Persist-Resist,Acropora,palmata,SN1,130,5,8,Ben_Allan,Pickles,USA,,11/14/18,,coral_reef,coral_head,tissue,host-associated
pSN1_130_6_P11-14-18,Persist-Resist,Acropora,palmata,SN1,130,6,9,Ben_Allan,Pickles,USA,,11/14/18,,coral_reef,coral_head,tissue,host-associated
pHS1_112_3_P11-14-18,Persist-Resist,Acropora,palmata,HS1,112,3,10,Ben_Allan,Pickles,USA,,11/14/18,,coral_reef,coral_head,tissue,host-associated
pHS1_112_4_P11-14-18,Persist-Resist,Acropora,palmata,HS1,112,4,11,Ben_Allan,Pickles,USA,,11/14/18,,coral_reef,coral_head,tissue,host-associated
pHS1_112_6_P11-14-18,Persist-Resist,Acropora,palmata,HS1,112,6,12,Ben_Allan,Pickles,USA,,11/14/18,,coral_reef,coral_head,tissue,host-associated
pHS1_108_4_P11-14-18,Persist-Resist,Acropora,palmata,HS1,108,4,13,Ben_Allan,Pickles,USA,,11/14/18,,coral_reef,coral_head,tissue,host-associated
pHS1_108_5_P11-14-18,Persist-Resist,Acropora,palmata,HS1,108,5,14,Ben_Allan,Pickles,USA,,11/14/18,,coral_reef,coral_head,tissue,host-associated
pHS1_108_6_P11-14-18,Persist-Resist,Acropora,palmata,HS1,108,6,15,Ben_Allan,Pickles,USA,,11/14/18,,coral_reef,coral_head,tissue,host-associated
pHS1_106_3_P11-14-18,Persist-Resist,Acropora,palmata,HS1,106,3,16,Ben_Allan,Pickles,USA,,11/14/18,,coral_reef,coral_head,tissue,host-associated
pHS1_106_4_P11-14-18,Persist-Resist,Acropora,palmata,HS1,106,4,17,Ben_Allan,Pickles,USA,,11/14/18,,coral_reef,coral_head,tissue,host-associated
pHS1_106_6_P11-14-18,Persist-Resist,Acropora,palmata,HS1,106,6,18,Ben_Allan,Pickles,USA,,11/14/18,,coral_reef,coral_head,tissue,host-associated
pCN4_98_3_P11-14-18,Persist-Resist,Acropora,palmata,CN4,98,3,19,Ben_Allan,Pickles,USA,,11/14/18,,coral_reef,coral_head,tissue,host-associated
pCN4_98_4_P11-14-18,Persist-Resist,Acropora,palmata,CN4,98,4,20,Ben_Allan,Pickles,USA,,11/14/18,,coral_reef,coral_head,tissue,host-associated
pCN4_98_7_P11-14-18,Persist-Resist,Acropora,palmata,CN4,98,7,21,Ben_Allan,Pickles,USA,,11/14/18,,coral_reef,coral_head,tissue,host-associated
pCN1_104_3_P11-14-18,Persist-Resist,Acropora,palmata,CN1,104,3,22,Ben_Allan,Pickles,USA,,11/14/18,,coral_reef,coral_head,tissue,host-associated
pCN1_104_4_P11-14-18,Persist-Resist,Acropora,palmata,CN1,104,4,23,Ben_Allan,Pickles,USA,,11/14/18,,coral_reef,coral_head,tissue,host-associated
pCN1_104_6_P11-14-18,Persist-Resist,Acropora,palmata,CN1,104,6,24,Ben_Allan,Pickles,USA,,11/14/18,,coral_reef,coral_head,tissue,host-associated
pCN1_99_4_P11-14-18,Persist-Resist,Acropora,palmata,CN1,99,4,25,Ben_Allan,Pickles,USA,,11/14/18,,coral_reef,coral_head,tissue,host-associated
pCN1_99_5_P11-14-18,Persist-Resist,Acropora,palmata,CN1,99,5,26,Ben_Allan,Pickles,USA,,11/14/18,,coral_reef,coral_head,tissue,host-associated
pCN1_99_7_P11-14-18,Persist-Resist,Acropora,palmata,CN1,99,7,27,Ben_Allan,Pickles,USA,,11/14/18,,coral_reef,coral_head,tissue,host-associated
pCN4_103_4_P11-14-18,Persist-Resist,Acropora,palmata,CN4,103,4,28,Ben_Allan,Pickles,USA,,11/14/18,,coral_reef,coral_head,tissue,host-associated
pCN4_103_5_P11-14-18,Persist-Resist,Acropora,palmata,CN4,103,5,29,Ben_Allan,Pickles,USA,,11/14/18,,coral_reef,coral_head,tissue,host-associated
pCN4_103_6_P11-14-18,Persist-Resist,Acropora,palmata,CN4,103,6,30,Ben_Allan,Pickles,USA,,11/14/18,,coral_reef,coral_head,tissue,host-associated
pCN2_81_3_P11-14-18,Persist-Resist,Acropora,palmata,CN2,81,3,31,Ben_Allan,Pickles,USA,,11/14/18,,coral_reef,coral_head,tissue,host-associated
pCN2_81_4_P11-14-18,Persist-Resist,Acropora,palmata,CN2,81,4,32,Ben_Allan,Pickles,USA,,11/14/18,,coral_reef,coral_head,tissue,host-associated
pCN2_81_6_P11-14-18,Persist-Resist,Acropora,palmata,CN2,81,6,33,Ben_Allan,Pickles,USA,,11/14/18,,coral_reef,coral_head,tissue,host-associated
pCN2_79_3_P11-14-18,Persist-Resist,Acropora,palmata,CN2,79,3,34,Ben_Allan,Pickles,USA,,11/14/18,,coral_reef,coral_head,tissue,host-associated
pCN2_79_4_P11-14-18,Persist-Resist,Acropora,palmata,CN2,79,4,35,Ben_Allan,Pickles,USA,,11/14/18,,coral_reef,coral_head,tissue,host-associated
pCN2_79_7_P11-14-18,Persist-Resist,Acropora,palmata,CN2,79,7,36,Ben_Allan,Pickles,USA,,11/14/18,,coral_reef,coral_head,tissue,host-associated
pCN2_75_3_P11-14-18,Persist-Resist,Acropora,palmata,CN2,75,3,37,Ben_Allan,Pickles,USA,,11/14/18,,coral_reef,coral_head,tissue,host-associated
pCN2_75_4_P11-14-18,Persist-Resist,Acropora,palmata,CN2,75,4,38,Ben_Allan,Pickles,USA,,11/14/18,,coral_reef,coral_head,tissue,host-associated
pCN2_75_6_P11-14-18,Persist-Resist,Acropora,palmata,CN2,75,6,39,Ben_Allan,Pickles,USA,,11/14/18,,coral_reef,coral_head,tissue,host-associated
pCN3_77_3_P11-14-18,Persist-Resist,Acropora,palmata,CN3,77,3,40,Ben_Allan,Pickles,USA,,11/14/18,,coral_reef,coral_head,tissue,host-associated
pCN3_77_4_P11-14-18,Persist-Resist,Acropora,palmata,CN3,77,4,41,Ben_Allan,Pickles,USA,,11/14/18,,coral_reef,coral_head,tissue,host-associated
pCN3_77_5_P11-14-18,Persist-Resist,Acropora,palmata,CN3,77,5,42,Ben_Allan,Pickles,USA,,11/14/18,,coral_reef,coral_head,tissue,host-associated
pCN3_74_3_P11-14-18,Persist-Resist,Acropora,palmata,CN3,74,3,43,Ben_Allan,Pickles,USA,,11/14/18,,coral_reef,coral_head,tissue,host-associated
pCN3_74_4_P11-14-18,Persist-Resist,Acropora,palmata,CN3,74,4,44,Ben_Allan,Pickles,USA,,11/14/18,,coral_reef,coral_head,tissue,host-associated
pCN3_74_5_P11-14-18,Persist-Resist,Acropora,palmata,CN3,74,5,45,Ben_Allan,Pickles,USA,,11/14/18,,coral_reef,coral_head,tissue,host-associated
pCN3_73_3_P11-14-18,Persist-Resist,Acropora,palmata,CN3,73,3,46,Ben_Allan,Pickles,USA,,11/14/18,,coral_reef,coral_head,tissue,host-associated
pCN3_73_4_P11-14-18,Persist-Resist,Acropora,palmata,CN3,73,4,47,Ben_Allan,Pickles,USA,,11/14/18,,coral_reef,coral_head,tissue,host-associated
pCN3_73_5_P11-14-18,Persist-Resist,Acropora,palmata,CN3,73,5,48,Ben_Allan,Pickles,USA,,11/14/18,,coral_reef,coral_head,tissue,host-associated
cK2_19_3_P11-14-18,Persist-Resist,Acropora,cervicornis,K2,19,3,49,Ben_Allan,Pickles,USA,,11/14/18,,coral_reef,coral_head,tissue,host-associated
cK2_19_4_P11-14-18,Persist-Resist,Acropora,cervicornis,K2,19,4,50,Ben_Allan,Pickles,USA,,11/14/18,,coral_reef,coral_head,tissue,host-associated
cK2_19_7_P11-14-18,Persist-Resist,Acropora,cervicornis,K2,19,7,51,Ben_Allan,Pickles,USA,,11/14/18,,coral_reef,coral_head,tissue,host-associated
cK2_22_3_P11-14-18,Persist-Resist,Acropora,cervicornis,K2,22,3,52,Ben_Allan,Pickles,USA,,11/14/18,,coral_reef,coral_head,tissue,host-associated
cK2_22_4_P11-14-18,Persist-Resist,Acropora,cervicornis,K2,22,4,53,Ben_Allan,Pickles,USA,,11/14/18,,coral_reef,coral_head,tissue,host-associated
cK2_22_5_P11-14-18,Persist-Resist,Acropora,cervicornis,K2,22,5,54,Ben_Allan,Pickles,USA,,11/14/18,,coral_reef,coral_head,tissue,host-associated
cK2_13_4_P11-14-18,Persist-Resist,Acropora,cervicornis,K2,13,4,55,Ben_Allan,Pickles,USA,,11/14/18,,coral_reef,coral_head,tissue,host-associated
cK2_13_5_P11-14-18,Persist-Resist,Acropora,cervicornis,K2,13,5,56,Ben_Allan,Pickles,USA,,11/14/18,,coral_reef,coral_head,tissue,host-associated
cK2_13_6_P11-14-18,Persist-Resist,Acropora,cervicornis,K2,13,6,57,Ben_Allan,Pickles,USA,,11/14/18,,coral_reef,coral_head,tissue,host-associated
cM5_8_4_P11-14-18,Persist-Resist,Acropora,cervicornis,M5,8,4,58,Ben_Allan,Pickles,USA,,11/14/18,,coral_reef,coral_head,tissue,host-associated
cM5_8_5_P11-14-18,Persist-Resist,Acropora,cervicornis,M5,8,5,59,Ben_Allan,Pickles,USA,,11/14/18,,coral_reef,coral_head,tissue,host-associated
cM5_8_6_P11-14-18,Persist-Resist,Acropora,cervicornis,M5,8,6,60,Ben_Allan,Pickles,USA,,11/14/18,,coral_reef,coral_head,tissue,host-associated
cM5_2_3_P11-14-18,Persist-Resist,Acropora,cervicornis,M5,2,3,61,Ben_Allan,Pickles,USA,,11/14/18,,coral_reef,coral_head,tissue,host-associated
cM5_2_5_P11-14-18,Persist-Resist,Acropora,cervicornis,M5,2,5,62,Ben_Allan,Pickles,USA,,11/14/18,,coral_reef,coral_head,tissue,host-associated
cM5_2_6_P11-14-18,Persist-Resist,Acropora,cervicornis,M5,2,6,63,Ben_Allan,Pickles,USA,,11/14/18,,coral_reef,coral_head,tissue,host-associated
pSL1_10_3_P11-14-18,Persist-Resist,Acropora,palmata,SL1,10,3,101,Carly_Dana,Pickles,USA,,11/14/18,,coral_reef,coral_head,tissue,host-associated
pSL1_10_4_P11-14-18,Persist-Resist,Acropora,palmata,SL1,10,4,102,Carly_Dana,Pickles,USA,,11/14/18,,coral_reef,coral_head,tissue,host-associated
pSL1_10_6_P11-14-18,Persist-Resist,Acropora,palmata,SL1,10,6,103,Carly_Dana,Pickles,USA,,11/14/18,,coral_reef,coral_head,tissue,host-associated
pSL1_11_3_P11-14-18,Persist-Resist,Acropora,palmata,SL1,11,3,104,Carly_Dana,Pickles,USA,,11/14/18,,coral_reef,coral_head,tissue,host-associated
pSL1_11_4_P11-14-18,Persist-Resist,Acropora,palmata,SL1,11,4,105,Carly_Dana,Pickles,USA,,11/14/18,,coral_reef,coral_head,tissue,host-associated
pSL1_11_7_P11-14-18,Persist-Resist,Acropora,palmata,SL1,11,7,106,Carly_Dana,Pickles,USA,,11/14/18,,coral_reef,coral_head,tissue,host-associated
pSL1_12_3_P11-14-18,Persist-Resist,Acropora,palmata,SL1,12,3,107,Carly_Dana,Pickles,USA,,11/14/18,,coral_reef,coral_head,tissue,host-associated
pSL1_12_4_P11-14-18,Persist-Resist,Acropora,palmata,SL1,12,4,108,Carly_Dana,Pickles,USA,,11/14/18,,coral_reef,coral_head,tissue,host-associated
pSL1_12_5_P11-14-18,Persist-Resist,Acropora,palmata,SL1,12,5,109,Carly_Dana,Pickles,USA,,11/14/18,,coral_reef,coral_head,tissue,host-associated
pSL5_13_3_P11-14-18,Persist-Resist,Acropora,palmata,SL5,13,3,110,Carly_Dana,Pickles,USA,,11/14/18,,coral_reef,coral_head,tissue,host-associated
pSL5_13_6_P11-14-18,Persist-Resist,Acropora,palmata,SL5,13,6,111,Carly_Dana,Pickles,USA,,11/14/18,,coral_reef,coral_head,tissue,host-associated
pSL5_13_7_P11-14-18,Persist-Resist,Acropora,palmata,SL5,13,7,112,Carly_Dana,Pickles,USA,,11/14/18,,coral_reef,coral_head,tissue,host-associated
pAAA3_15_3_P11-14-18,Persist-Resist,Acropora,palmata,AAA3,15,3,113,Carly_Dana,Pickles,USA,,11/14/18,,coral_reef,coral_head,tissue,host-associated
pAAA3_15_5_P11-14-18,Persist-Resist,Acropora,palmata,AAA3,15,5,114,Carly_Dana,Pickles,USA,,11/14/18,,coral_reef,coral_head,tissue,host-associated
pAAA3_15_6_P11-14-18,Persist-Resist,Acropora,palmata,AAA3,15,6,115,Carly_Dana,Pickles,USA,,11/14/18,,coral_reef,coral_head,tissue,host-associated
pAAA2_16_3_P11-14-18,Persist-Resist,Acropora,palmata,AAA2,16,3,116,Carly_Dana,Pickles,USA,,11/14/18,,coral_reef,coral_head,tissue,host-associated
pAAA2_16_5_P11-14-18,Persist-Resist,Acropora,palmata,AAA2,16,5,117,Carly_Dana,Pickles,USA,,11/14/18,,coral_reef,coral_head,tissue,host-associated
pAAA2_16_6_P11-14-18,Persist-Resist,Acropora,palmata,AAA2,16,6,118,Carly_Dana,Pickles,USA,,11/14/18,,coral_reef,coral_head,tissue,host-associated
pAAA2_17_6_P11-14-18,Persist-Resist,Acropora,palmata,AAA2,17,6,119,Carly_Dana,Pickles,USA,,11/14/18,,coral_reef,coral_head,tissue,host-associated
pAAA2_17_3_P11-14-18,Persist-Resist,Acropora,palmata,AAA2,17,3,120,Carly_Dana,Pickles,USA,,11/14/18,,coral_reef,coral_head,tissue,host-associated
pAAA2_17_B_P11-14-18,Persist-Resist,Acropora,palmata,AAA2,17,B,141,Carly_Dana,Pickles,USA,,11/14/18,,coral_reef,coral_head,tissue,host-associated
pAAA2_18_3_P11-14-18,Persist-Resist,Acropora,palmata,AAA2,18,3,142,Carly_Dana,Pickles,USA,,11/14/18,,coral_reef,coral_head,tissue,host-associated
pAAA2_18_6_P11-14-18,Persist-Resist,Acropora,palmata,AAA2,18,6,143,Carly_Dana,Pickles,USA,,11/14/18,,coral_reef,coral_head,tissue,host-associated
pAAA2_18_5_P11-14-18,Persist-Resist,Acropora,palmata,AAA2,18,5,144,Carly_Dana,Pickles,USA,,11/14/18,,coral_reef,coral_head,tissue,host-associated
pSL5_19_3_P11-14-18,Persist-Resist,Acropora,palmata,SL5,19,3,145,Carly_Dana,Pickles,USA,,11/14/18,,coral_reef,coral_head,tissue,host-associated
pSL5_19_B_P11-14-18,Persist-Resist,Acropora,palmata,SL5,19,B,146,Carly_Dana,Pickles,USA,,11/14/18,,coral_reef,coral_head,tissue,host-associated
pSL5_19_4_P11-14-18,Persist-Resist,Acropora,palmata,SL5,19,4,147,Carly_Dana,Pickles,USA,,11/14/18,,coral_reef,coral_head,tissue,host-associated
pAAA3_20_3_P11-14-18,Persist-Resist,Acropora,palmata,AAA3,20,3,148,Carly_Dana,Pickles,USA,,11/14/18,,coral_reef,coral_head,tissue,host-associated
pAAA3_20_4_P11-14-18,Persist-Resist,Acropora,palmata,AAA3,20,4,149,Carly_Dana,Pickles,USA,,11/14/18,,coral_reef,coral_head,tissue,host-associated
pAAA3_20_5_P11-14-18,Persist-Resist,Acropora,palmata,AAA3,20,5,150,Carly_Dana,Pickles,USA,,11/14/18,,coral_reef,coral_head,tissue,host-associated
pAAA3_21_B_P11-14-18,Persist-Resist,Acropora,palmata,AAA3,21,B,151,Carly_Dana,Pickles,USA,,11/14/18,,coral_reef,coral_head,tissue,host-associated
pAAA3_21_3_P11-14-18,Persist-Resist,Acropora,palmata,AAA3,21,3,152,Carly_Dana,Pickles,USA,,11/14/18,,coral_reef,coral_head,tissue,host-associated
pAAA3_21_A_P11-14-18,Persist-Resist,Acropora,palmata,AAA3,21,A,153,Carly_Dana,Pickles,USA,,11/14/18,,coral_reef,coral_head,tissue,host-associated
pML2_58_6_P11-14-18,Persist-Resist,Acropora,palmata,ML2,58,6,154,Carly_Dana,Pickles,USA,,11/14/18,,coral_reef,coral_head,tissue,host-associated
pML2_58_A_P11-14-18,Persist-Resist,Acropora,palmata,ML2,58,A,155,Carly_Dana,Pickles,USA,,11/14/18,,coral_reef,coral_head,tissue,host-associated
pML2_58_3_P11-14-18,Persist-Resist,Acropora,palmata,ML2,58,3,156,Carly_Dana,Pickles,USA,,11/14/18,,coral_reef,coral_head,tissue,host-associated
pML2_64_4_P11-14-18,Persist-Resist,Acropora,palmata,ML2,64,4,157,Carly_Dana,Pickles,USA,,11/14/18,,coral_reef,coral_head,tissue,host-associated
pML2_64_6_P11-14-18,Persist-Resist,Acropora,palmata,ML2,64,6,158,Carly_Dana,Pickles,USA,,11/14/18,,coral_reef,coral_head,tissue,host-associated
pML2_64_5_P11-14-18,Persist-Resist,Acropora,palmata,ML2,64,5,159,Carly_Dana,Pickles,USA,,11/14/18,,coral_reef,coral_head,tissue,host-associated
pML2_65_4_P11-14-18,Persist-Resist,Acropora,palmata,ML2,65,4,160,Carly_Dana,Pickles,USA,,11/14/18,,coral_reef,coral_head,tissue,host-associated
pML2_65_5_P11-14-18,Persist-Resist,Acropora,palmata,ML2,65,5,121,Carly_Dana,Pickles,USA,,11/14/18,,coral_reef,coral_head,tissue,host-associated
pML2_65_6_P11-14-18,Persist-Resist,Acropora,palmata,ML2,65,6,122,Carly_Dana,Pickles,USA,,11/14/18,,coral_reef,coral_head,tissue,host-associated
pCN1_71_4_P11-14-18,Persist-Resist,Acropora,palmata,CN1,71,4,123,Carly_Dana,Pickles,USA,,11/14/18,,coral_reef,coral_head,tissue,host-associated
pCN1_71_5_P11-14-18,Persist-Resist,Acropora,palmata,CN1,71,5,124,Carly_Dana,Pickles,USA,,11/14/18,,coral_reef,coral_head,tissue,host-associated
pCN1_71_6_P11-14-18,Persist-Resist,Acropora,palmata,CN1,71,6,125,Carly_Dana,Pickles,USA,,11/14/18,,coral_reef,coral_head,tissue,host-associated
pCN1_72_5_P11-14-18,Persist-Resist,Acropora,palmata,CN1,72,5,126,Carly_Dana,Pickles,USA,,11/14/18,,coral_reef,coral_head,tissue,host-associated
pCN1_72_A_P11-14-18,Persist-Resist,Acropora,palmata,CN1,72,A,127,Carly_Dana,Pickles,USA,,11/14/18,,coral_reef,coral_head,tissue,host-associated
pCN1_72_3_P11-14-18,Persist-Resist,Acropora,palmata,CN1,72,3,128,Carly_Dana,Pickles,USA,,11/14/18,,coral_reef,coral_head,tissue,host-associated
cU44_90_7_P11-14-18,Persist-Resist,Acropora,cervicornis,U44,90,7,129,Carly_Dana,Pickles,USA,,11/14/18,,coral_reef,coral_head,tissue,host-associated
cU44_90_6_P11-14-18,Persist-Resist,Acropora,cervicornis,U44,90,6,130,Carly_Dana,Pickles,USA,,11/14/18,,coral_reef,coral_head,tissue,host-associated
cU44_90_5_P11-14-18,Persist-Resist,Acropora,cervicornis,U44,90,5,131,Carly_Dana,Pickles,USA,,11/14/18,,coral_reef,coral_head,tissue,host-associated
cU44_86_6_P11-14-18,Persist-Resist,Acropora,cervicornis,U44,86,6,132,Carly_Dana,Pickles,USA,,11/14/18,,coral_reef,coral_head,tissue,host-associated
cU44_86_B_P11-14-18,Persist-Resist,Acropora,cervicornis,U44,86,B,133,Carly_Dana,Pickles,USA,,11/14/18,,coral_reef,coral_head,tissue,host-associated
cU44_86_A_P11-14-18,Persist-Resist,Acropora,cervicornis,U44,86,A,134,Carly_Dana,Pickles,USA,,11/14/18,,coral_reef,coral_head,tissue,host-associated
cU41_70_5_P11-14-18,Persist-Resist,Acropora,cervicornis,U41,70,5,135,Carly_Dana,Pickles,USA,,11/14/18,,coral_reef,coral_head,tissue,host-associated
cU41_70_6_P11-14-18,Persist-Resist,Acropora,cervicornis,U41,70,6,136,Carly_Dana,Pickles,USA,,11/14/18,,coral_reef,coral_head,tissue,host-associated
cU41_70_B_P11-14-18,Persist-Resist,Acropora,cervicornis,U41,70,B,137,Carly_Dana,Pickles,USA,,11/14/18,,coral_reef,coral_head,tissue,host-associated
cU41_68_3_P11-14-18,Persist-Resist,Acropora,cervicornis,U41,68,3,138,Carly_Dana,Pickles,USA,,11/14/18,,coral_reef,coral_head,tissue,host-associated
cU41_68_6_P11-14-18,Persist-Resist,Acropora,cervicornis,U41,68,6,139,Carly_Dana,Pickles,USA,,11/14/18,,coral_reef,coral_head,tissue,host-associated
cU41_68_5_P11-14-18,Persist-Resist,Acropora,cervicornis,U41,68,5,140,Carly_Dana,Pickles,USA,,11/14/18,,coral_reef,coral_head,tissue,host-associated
cU41_69_B_P11-14-18,Persist-Resist,Acropora,cervicornis,U41,69,B,161,Carly_Dana,Pickles,USA,,11/14/18,,coral_reef,coral_head,tissue,host-associated
cU41_69_4_P11-14-18,Persist-Resist,Acropora,cervicornis,U41,69,4,162,Carly_Dana,Pickles,USA,,11/14/18,,coral_reef,coral_head,tissue,host-associated
cU41_69_5_P11-14-18,Persist-Resist,Acropora,cervicornis,U41,69,5,163,Carly_Dana,Pickles,USA,,11/14/18,,coral_reef,coral_head,tissue,host-associated
cU44_112_4_P11-14-18,Persist-Resist,Acropora,cervicornis,U44,112,4,164,Carly_Dana,Pickles,USA,,11/14/18,,coral_reef,coral_head,tissue,host-associated
cU44_112_B_P11-14-18,Persist-Resist,Acropora,cervicornis,U44,112,B,165,Carly_Dana,Pickles,USA,,11/14/18,,coral_reef,coral_head,tissue,host-associated
cU44_112_7_P11-14-18,Persist-Resist,Acropora,cervicornis,U44,112,7,166,Carly_Dana,Pickles,USA,,11/14/18,,coral_reef,coral_head,tissue,host-associated
pCN3_93_3_G11-15-18,Persist-Resist,Acropora,palmata,CN3,93,3,167,Ben_Allan,Grecian_rocks,USA,,11/15/18,,coral_reef,coral_head,tissue,host-associated
pCN3_93_4_G11-15-18,Persist-Resist,Acropora,palmata,CN3,93,4,168,Ben_Allan,Grecian_rocks,USA,,11/15/18,,coral_reef,coral_head,tissue,host-associated
pCN3_93_5_G11-15-18,Persist-Resist,Acropora,palmata,CN3,93,5,169,Ben_Allan,Grecian_rocks,USA,,11/15/18,,coral_reef,coral_head,tissue,host-associated
pCN3_91_3_G11-15-18,Persist-Resist,Acropora,palmata,CN3,91,3,170,Ben_Allan,Grecian_rocks,USA,,11/15/18,,coral_reef,coral_head,tissue,host-associated
pCN3_91_4_G11-15-18,Persist-Resist,Acropora,palmata,CN3,91,4,171,Ben_Allan,Grecian_rocks,USA,,11/15/18,,coral_reef,coral_head,tissue,host-associated
pCN3_91_5_G11-15-18,Persist-Resist,Acropora,palmata,CN3,91,5,172,Ben_Allan,Grecian_rocks,USA,,11/15/18,,coral_reef,coral_head,tissue,host-associated
pSN1_90_3_G11-15-18,Persist-Resist,Acropora,palmata,SN1,90,3,173,Ben_Allan,Grecian_rocks,USA,,11/15/18,,coral_reef,coral_head,tissue,host-associated
pSN1_90_4_G11-15-18,Persist-Resist,Acropora,palmata,SN1,90,4,174,Ben_Allan,Grecian_rocks,USA,,11/15/18,,coral_reef,coral_head,tissue,host-associated
pSN1_90_5_G11-15-18,Persist-Resist,Acropora,palmata,SN1,90,5,175,Ben_Allan,Grecian_rocks,USA,,11/15/18,,coral_reef,coral_head,tissue,host-associated
pSN1_95_3_G11-15-18,Persist-Resist,Acropora,palmata,SN1,95,3,176,Ben_Allan,Grecian_rocks,USA,,11/15/18,,coral_reef,coral_head,tissue,host-associated
pSN1_95_4_G11-15-18,Persist-Resist,Acropora,palmata,SN1,95,4,177,Ben_Allan,Grecian_rocks,USA,,11/15/18,,coral_reef,coral_head,tissue,host-associated
pSN1_95_6_G11-15-18,Persist-Resist,Acropora,palmata,SN1,95,6,178,Ben_Allan,Grecian_rocks,USA,,11/15/18,,coral_reef,coral_head,tissue,host-associated
pCN4_89_3_G11-15-18,Persist-Resist,Acropora,palmata,CN4,89,3,179,Ben_Allan,Grecian_rocks,USA,,11/15/18,,coral_reef,coral_head,tissue,host-associated
pCN4_89_4_G11-15-18,Persist-Resist,Acropora,palmata,CN4,89,4,180,Ben_Allan,Grecian_rocks,USA,,11/15/18,,coral_reef,coral_head,tissue,host-associated
pCN4_89_6_G11-15-18,Persist-Resist,Acropora,palmata,CN4,89,6,181,Ben_Allan,Grecian_rocks,USA,,11/15/18,,coral_reef,coral_head,tissue,host-associated
pAAA3_88_3_G11-15-18,Persist-Resist,Acropora,palmata,AAA3,88,3,182,Ben_Allan,Grecian_rocks,USA,,11/15/18,,coral_reef,coral_head,tissue,host-associated
pAAA3_88_4_G11-15-18,Persist-Resist,Acropora,palmata,AAA3,88,4,183,Ben_Allan,Grecian_rocks,USA,,11/15/18,,coral_reef,coral_head,tissue,host-associated
pAAA3_88_5_G11-15-18,Persist-Resist,Acropora,palmata,AAA3,88,5,184,Ben_Allan,Grecian_rocks,USA,,11/15/18,,coral_reef,coral_head,tissue,host-associated
pAAA3_87_3_G11-15-18,Persist-Resist,Acropora,palmata,AAA3,87,3,185,Ben_Allan,Grecian_rocks,USA,,11/15/18,,coral_reef,coral_head,tissue,host-associated
pAAA3_87_4_G11-15-18,Persist-Resist,Acropora,palmata,AAA3,87,4,186,Ben_Allan,Grecian_rocks,USA,,11/15/18,,coral_reef,coral_head,tissue,host-associated
pAAA3_87_5_G11-15-18,Persist-Resist,Acropora,palmata,AAA3,87,5,187,Ben_Allan,Grecian_rocks,USA,,11/15/18,,coral_reef,coral_head,tissue,host-associated
pAAA3_85_3_G11-15-18,Persist-Resist,Acropora,palmata,AAA3,85,3,188,Ben_Allan,Grecian_rocks,USA,,11/15/18,,coral_reef,coral_head,tissue,host-associated
pAAA3_85_4_G11-15-18,Persist-Resist,Acropora,palmata,AAA3,85,4,189,Ben_Allan,Grecian_rocks,USA,,11/15/18,,coral_reef,coral_head,tissue,host-associated
pAAA3_85_5_G11-15-18,Persist-Resist,Acropora,palmata,AAA3,85,5,190,Ben_Allan,Grecian_rocks,USA,,11/15/18,,coral_reef,coral_head,tissue,host-associated
pSL5_86_3_G11-15-18,Persist-Resist,Acropora,palmata,SL5,86,3,191,Ben_Allan,Grecian_rocks,USA,,11/15/18,,coral_reef,coral_head,tissue,host-associated
pSL5_86_4_G11-15-18,Persist-Resist,Acropora,palmata,SL5,86,4,192,Ben_Allan,Grecian_rocks,USA,,11/15/18,,coral_reef,coral_head,tissue,host-associated
pSL5_86_5_G11-15-18,Persist-Resist,Acropora,palmata,SL5,86,5,193,Ben_Allan,Grecian_rocks,USA,,11/15/18,,coral_reef,coral_head,tissue,host-associated
pSL5_77_4_G11-15-18,Persist-Resist,Acropora,palmata,SL5,77,4,194,Ben_Allan,Grecian_rocks,USA,,11/15/18,,coral_reef,coral_head,tissue,host-associated
pSL5_77_6_G11-15-18,Persist-Resist,Acropora,palmata,SL5,77,6,195,Ben_Allan,Grecian_rocks,USA,,11/15/18,,coral_reef,coral_head,tissue,host-associated
pSL5_77_7_G11-15-18,Persist-Resist,Acropora,palmata,SL5,77,7,196,Ben_Allan,Grecian_rocks,USA,,11/15/18,,coral_reef,coral_head,tissue,host-associated
pSL5_76_3_G11-15-18,Persist-Resist,Acropora,palmata,SL5,76,3,197,Ben_Allan,Grecian_rocks,USA,,11/15/18,,coral_reef,coral_head,tissue,host-associated
pSL5_76_4_G11-15-18,Persist-Resist,Acropora,palmata,SL5,76,4,198,Ben_Allan,Grecian_rocks,USA,,11/15/18,,coral_reef,coral_head,tissue,host-associated
pSL5_76_7_G11-15-18,Persist-Resist,Acropora,palmata,SL5,76,7,199,Ben_Allan,Grecian_rocks,USA,,11/15/18,,coral_reef,coral_head,tissue,host-associated
pSL1_78_3_G11-15-18,Persist-Resist,Acropora,palmata,SL1,78,3,200,Ben_Allan,Grecian_rocks,USA,,11/15/18,,coral_reef,coral_head,tissue,host-associated
pSL1_78_4_G11-15-18,Persist-Resist,Acropora,palmata,SL1,78,4,261,Ben_Allan,Grecian_rocks,USA,,11/15/18,,coral_reef,coral_head,tissue,host-associated
pSL1_78_5_G11-15-18,Persist-Resist,Acropora,palmata,SL1,78,5,262,Ben_Allan,Grecian_rocks,USA,,11/15/18,,coral_reef,coral_head,tissue,host-associated
pSL1_75_3_G11-15-18,Persist-Resist,Acropora,palmata,SL1,75,3,263,Ben_Allan,Grecian_rocks,USA,,11/15/18,,coral_reef,coral_head,tissue,host-associated
pSL1_75_5_G11-15-18,Persist-Resist,Acropora,palmata,SL1,75,5,264,Ben_Allan,Grecian_rocks,USA,,11/15/18,,coral_reef,coral_head,tissue,host-associated
pSL1_75_6_G11-15-18,Persist-Resist,Acropora,palmata,SL1,75,6,265,Ben_Allan,Grecian_rocks,USA,,11/15/18,,coral_reef,coral_head,tissue,host-associated
pAAA2_74_3_G11-15-18,Persist-Resist,Acropora,palmata,AAA2,74,3,266,Ben_Allan,Grecian_rocks,USA,,11/15/18,,coral_reef,coral_head,tissue,host-associated
pAAA2_74_4_G11-15-18,Persist-Resist,Acropora,palmata,AAA2,74,4,267,Ben_Allan,Grecian_rocks,USA,,11/15/18,,coral_reef,coral_head,tissue,host-associated
pAAA2_74_5_G11-15-18,Persist-Resist,Acropora,palmata,AAA2,74,5,268,Ben_Allan,Grecian_rocks,USA,,11/15/18,,coral_reef,coral_head,tissue,host-associated
pCN2_71_3_G11-15-18,Persist-Resist,Acropora,palmata,CN2,71,3,269,Ben_Allan,Grecian_rocks,USA,,11/15/18,,coral_reef,coral_head,tissue,host-associated
pCN2_71_4_G11-15-18,Persist-Resist,Acropora,palmata,CN2,71,4,270,Ben_Allan,Grecian_rocks,USA,,11/15/18,,coral_reef,coral_head,tissue,host-associated
pCN2_71_5_G11-15-18,Persist-Resist,Acropora,palmata,CN2,71,5,271,Ben_Allan,Grecian_rocks,USA,,11/15/18,,coral_reef,coral_head,tissue,host-associated
pCN2_70_3_G11-15-18,Persist-Resist,Acropora,palmata,CN2,70,3,272,Ben_Allan,Grecian_rocks,USA,,11/15/18,,coral_reef,coral_head,tissue,host-associated
pCN2_70_4_G11-15-18,Persist-Resist,Acropora,palmata,CN2,70,4,273,Ben_Allan,Grecian_rocks,USA,,11/15/18,,coral_reef,coral_head,tissue,host-associated
pCN2_70_5_G11-15-18,Persist-Resist,Acropora,palmata,CN2,70,5,274,Ben_Allan,Grecian_rocks,USA,,11/15/18,,coral_reef,coral_head,tissue,host-associated
cM5_139_3_G11-15-18,Persist-Resist,Acropora,cervicornis,M5,139,3,278,Ben_Allan,Grecian_rocks,USA,,11/15/18,,coral_reef,coral_head,tissue,host-associated
cM5_139_4_G11-15-18,Persist-Resist,Acropora,cervicornis,M5,139,4,279,Ben_Allan,Grecian_rocks,USA,,11/15/18,,coral_reef,coral_head,tissue,host-associated
cM5_139_5_G11-15-18,Persist-Resist,Acropora,cervicornis,M5,139,5,280,Ben_Allan,Grecian_rocks,USA,,11/15/18,,coral_reef,coral_head,tissue,host-associated
cU44_144_3_G11-15-18,Persist-Resist,Acropora,cervicornis,U44,144,3,241,Ben_Allan,Grecian_rocks,USA,,11/15/18,,coral_reef,coral_head,tissue,host-associated
cU44_144_A_G11-15-18,Persist-Resist,Acropora,cervicornis,U44,144,A,242,Ben_Allan,Grecian_rocks,USA,,11/15/18,,coral_reef,coral_head,tissue,host-associated
cU44_146_3_G11-15-18,Persist-Resist,Acropora,cervicornis,U44,146,3,244,Ben_Allan,Grecian_rocks,USA,,11/15/18,,coral_reef,coral_head,tissue,host-associated
cU44_146_4_G11-15-18,Persist-Resist,Acropora,cervicornis,U44,146,4,243,Ben_Allan,Grecian_rocks,USA,,11/15/18,,coral_reef,coral_head,tissue,host-associated
cU44_146_5_G11-15-18,Persist-Resist,Acropora,cervicornis,U44,146,5,245,Ben_Allan,Grecian_rocks,USA,,11/15/18,,coral_reef,coral_head,tissue,host-associated
cU41_145_3_G11-15-18,Persist-Resist,Acropora,cervicornis,U41,145,3,246,Ben_Allan,Grecian_rocks,USA,,11/15/18,,coral_reef,coral_head,tissue,host-associated
cU41_145_4_G11-15-18,Persist-Resist,Acropora,cervicornis,U41,145,4,247,Ben_Allan,Grecian_rocks,USA,,11/15/18,,coral_reef,coral_head,tissue,host-associated
cU41_145_A_G11-15-18,Persist-Resist,Acropora,cervicornis,U41,145,A,248,Ben_Allan,Grecian_rocks,USA,,11/15/18,,coral_reef,coral_head,tissue,host-associated
cU41_142_3_G11-15-18,Persist-Resist,Acropora,cervicornis,U41,142,3,249,Ben_Allan,Grecian_rocks,USA,,11/15/18,,coral_reef,coral_head,tissue,host-associated
cU41_142_4_G11-15-18,Persist-Resist,Acropora,cervicornis,U41,142,4,250,Ben_Allan,Grecian_rocks,USA,,11/15/18,,coral_reef,coral_head,tissue,host-associated
cU41_142_5_G11-15-18,Persist-Resist,Acropora,cervicornis,U41,142,5,251,Ben_Allan,Grecian_rocks,USA,,11/15/18,,coral_reef,coral_head,tissue,host-associated
cM5_38_6_G11-15-18,Persist-Resist,Acropora,cervicornis,M5,38,6,212,Carly_Dana,Grecian_rocks,USA,,11/15/18,,coral_reef,coral_head,tissue,host-associated
cM5_38_3_G11-15-18,Persist-Resist,Acropora,cervicornis,M5,38,3,213,Carly_Dana,Grecian_rocks,USA,,11/15/18,,coral_reef,coral_head,tissue,host-associated
cM5_38_4_G11-15-18,Persist-Resist,Acropora,cervicornis,M5,38,4,214,Carly_Dana,Grecian_rocks,USA,,11/15/18,,coral_reef,coral_head,tissue,host-associated
cM5_28_4_G11-15-18,Persist-Resist,Acropora,cervicornis,M5,28,4,215,Carly_Dana,Grecian_rocks,USA,,11/15/18,,coral_reef,coral_head,tissue,host-associated
cM5_28_3_G11-15-18,Persist-Resist,Acropora,cervicornis,M5,28,3,216,Carly_Dana,Grecian_rocks,USA,,11/15/18,,coral_reef,coral_head,tissue,host-associated
cM5_28_6_G11-15-18,Persist-Resist,Acropora,cervicornis,M5,28,6,217,Carly_Dana,Grecian_rocks,USA,,11/15/18,,coral_reef,coral_head,tissue,host-associated
cM5_29_5_G11-15-18,Persist-Resist,Acropora,cervicornis,M5,29,5,218,Carly_Dana,Grecian_rocks,USA,,11/15/18,,coral_reef,coral_head,tissue,host-associated
cM5_29_4_G11-15-18,Persist-Resist,Acropora,cervicornis,M5,29,4,219,Carly_Dana,Grecian_rocks,USA,,11/15/18,,coral_reef,coral_head,tissue,host-associated
cM5_29_3_G11-15-18,Persist-Resist,Acropora,cervicornis,M5,29,3,220,Carly_Dana,Grecian_rocks,USA,,11/15/18,,coral_reef,coral_head,tissue,host-associated
cK2_52_7_G11-15-18,Persist-Resist,Acropora,cervicornis,K2,52,7,281,Carly_Dana,Grecian_rocks,USA,,11/15/18,,coral_reef,coral_head,tissue,host-associated
cK2_52_3_G11-15-18,Persist-Resist,Acropora,cervicornis,K2,52,3,282,Carly_Dana,Grecian_rocks,USA,,11/15/18,,coral_reef,coral_head,tissue,host-associated
cK2_52_4_G11-15-18,Persist-Resist,Acropora,cervicornis,K2,52,4,283,Carly_Dana,Grecian_rocks,USA,,11/15/18,,coral_reef,coral_head,tissue,host-associated
cK2_50_7_G11-15-18,Persist-Resist,Acropora,cervicornis,K2,50,7,284,Carly_Dana,Grecian_rocks,USA,,11/15/18,,coral_reef,coral_head,tissue,host-associated
cK2_50_5_G11-15-18,Persist-Resist,Acropora,cervicornis,K2,50,5,285,Carly_Dana,Grecian_rocks,USA,,11/15/18,,coral_reef,coral_head,tissue,host-associated
cK2_50_3_G11-15-18,Persist-Resist,Acropora,cervicornis,K2,50,3,286,Carly_Dana,Grecian_rocks,USA,,11/15/18,,coral_reef,coral_head,tissue,host-associated
cK2_49_3_G11-15-18,Persist-Resist,Acropora,cervicornis,K2,49,3,287,Carly_Dana,Grecian_rocks,USA,,11/15/18,,coral_reef,coral_head,tissue,host-associated
cK2_49_6_G11-15-18,Persist-Resist,Acropora,cervicornis,K2,49,6,288,Carly_Dana,Grecian_rocks,USA,,11/15/18,,coral_reef,coral_head,tissue,host-associated
cK2_49_7_G11-15-18,Persist-Resist,Acropora,cervicornis,K2,49,7,289,Carly_Dana,Grecian_rocks,USA,,11/15/18,,coral_reef,coral_head,tissue,host-associated
pAAA2_68_7_G11-15-18,Persist-Resist,Acropora,palmata,AAA2,68,7,64,Carly_Dana,Grecian_rocks,USA,,11/15/18,,coral_reef,coral_head,tissue,host-associated
pAAA2_68_6_G11-15-18,Persist-Resist,Acropora,palmata,AAA2,68,6,65,Carly_Dana,Grecian_rocks,USA,,11/15/18,,coral_reef,coral_head,tissue,host-associated
pAAA2_68_4_G11-15-18,Persist-Resist,Acropora,palmata,AAA2,68,4,66,Carly_Dana,Grecian_rocks,USA,,11/15/18,,coral_reef,coral_head,tissue,host-associated
pSL1_67_6_G11-15-18,Persist-Resist,Acropora,palmata,SL1,67,6,67,Carly_Dana,Grecian_rocks,USA,,11/15/18,,coral_reef,coral_head,tissue,host-associated
pSL1_67_5_G11-15-18,Persist-Resist,Acropora,palmata,SL1,67,5,68,Carly_Dana,Grecian_rocks,USA,,11/15/18,,coral_reef,coral_head,tissue,host-associated
pSL1_67_4_G11-15-18,Persist-Resist,Acropora,palmata,SL1,67,4,69,Carly_Dana,Grecian_rocks,USA,,11/15/18,,coral_reef,coral_head,tissue,host-associated
pCN3_58_7_G11-15-18,Persist-Resist,Acropora,palmata,CN3,58,7,70,Carly_Dana,Grecian_rocks,USA,,11/15/18,,coral_reef,coral_head,tissue,host-associated
pCN3_58_5_G11-15-18,Persist-Resist,Acropora,palmata,CN3,58,5,71,Carly_Dana,Grecian_rocks,USA,,11/15/18,,coral_reef,coral_head,tissue,host-associated
pCN3_58_4_G11-15-18,Persist-Resist,Acropora,palmata,CN3,58,4,72,Carly_Dana,Grecian_rocks,USA,,11/15/18,,coral_reef,coral_head,tissue,host-associated
pCN1_56_6_G11-15-18,Persist-Resist,Acropora,palmata,CN1,56,6,73,Carly_Dana,Grecian_rocks,USA,,11/15/18,,coral_reef,coral_head,tissue,host-associated
pCN1_56_3_G11-15-18,Persist-Resist,Acropora,palmata,CN1,56,3,74,Carly_Dana,Grecian_rocks,USA,,11/15/18,,coral_reef,coral_head,tissue,host-associated
pCN1_56_5_G11-15-18,Persist-Resist,Acropora,palmata,CN1,56,5,75,Carly_Dana,Grecian_rocks,USA,,11/15/18,,coral_reef,coral_head,tissue,host-associated
pAAA2_66_3_G11-15-18,Persist-Resist,Acropora,palmata,AAA2,66,3,76,Carly_Dana,Grecian_rocks,USA,,11/15/18,,coral_reef,coral_head,tissue,host-associated
pAAA2_66_6_G11-15-18,Persist-Resist,Acropora,palmata,AAA2,66,6,77,Carly_Dana,Grecian_rocks,USA,,11/15/18,,coral_reef,coral_head,tissue,host-associated
pAAA2_66_7_G11-15-18,Persist-Resist,Acropora,palmata,AAA2,66,7,78,Carly_Dana,Grecian_rocks,USA,,11/15/18,,coral_reef,coral_head,tissue,host-associated
pSN1_64_5_G11-15-18,Persist-Resist,Acropora,palmata,SN1,64,5,79,Carly_Dana,Grecian_rocks,USA,,11/15/18,,coral_reef,coral_head,tissue,host-associated
pSN1_64_4_G11-15-18,Persist-Resist,Acropora,palmata,SN1,64,4,80,Carly_Dana,Grecian_rocks,USA,,11/15/18,,coral_reef,coral_head,tissue,host-associated
pSN1_64_6_G11-15-18,Persist-Resist,Acropora,palmata,SN1,64,6,81,Carly_Dana,Grecian_rocks,USA,,11/15/18,,coral_reef,coral_head,tissue,host-associated
pC188_61_5_G11-15-18,Persist-Resist,Acropora,palmata,C188,61,5,82,Carly_Dana,Grecian_rocks,USA,,11/15/18,,coral_reef,coral_head,tissue,host-associated
pC188_61_6_G11-15-18,Persist-Resist,Acropora,palmata,C188,61,6,83,Carly_Dana,Grecian_rocks,USA,,11/15/18,,coral_reef,coral_head,tissue,host-associated
pC188_61_7_G11-15-18,Persist-Resist,Acropora,palmata,C188,61,7,84,Carly_Dana,Grecian_rocks,USA,,11/15/18,,coral_reef,coral_head,tissue,host-associated
pCN1_54_5_G11-15-18,Persist-Resist,Acropora,palmata,CN1,54,5,85,Carly_Dana,Grecian_rocks,USA,,11/15/18,,coral_reef,coral_head,tissue,host-associated
pCN1_54_6_G11-15-18,Persist-Resist,Acropora,palmata,CN1,54,6,86,Carly_Dana,Grecian_rocks,USA,,11/15/18,,coral_reef,coral_head,tissue,host-associated
pCN1_54_4_G11-15-18,Persist-Resist,Acropora,palmata,CN1,54,4,87,Carly_Dana,Grecian_rocks,USA,,11/15/18,,coral_reef,coral_head,tissue,host-associated
pCN4_59_7_G11-15-18,Persist-Resist,Acropora,palmata,CN4,59,7,88,Carly_Dana,Grecian_rocks,USA,,11/15/18,,coral_reef,coral_head,tissue,host-associated
pCN4_59_5_G11-15-18,Persist-Resist,Acropora,palmata,CN4,59,5,89,Carly_Dana,Grecian_rocks,USA,,11/15/18,,coral_reef,coral_head,tissue,host-associated
pCN4_59_6_G11-15-18,Persist-Resist,Acropora,palmata,CN4,59,6,90,Carly_Dana,Grecian_rocks,USA,,11/15/18,,coral_reef,coral_head,tissue,host-associated
pCN1_62_7_G11-15-18,Persist-Resist,Acropora,palmata,CN1,62,7,91,Carly_Dana,Grecian_rocks,USA,,11/15/18,,coral_reef,coral_head,tissue,host-associated
pCN1_62_3_G11-15-18,Persist-Resist,Acropora,palmata,CN1,62,3,92,Carly_Dana,Grecian_rocks,USA,,11/15/18,,coral_reef,coral_head,tissue,host-associated
pCN1_62_6_G11-15-18,Persist-Resist,Acropora,palmata,CN1,62,6,93,Carly_Dana,Grecian_rocks,USA,,11/15/18,,coral_reef,coral_head,tissue,host-associated
pHS1_23_4_G11-15-18,Persist-Resist,Acropora,palmata,HS1,23,4,94,Carly_Dana,Grecian_rocks,USA,,11/15/18,,coral_reef,coral_head,tissue,host-associated
pHS1_23_5_G11-15-18,Persist-Resist,Acropora,palmata,HS1,23,5,95,Carly_Dana,Grecian_rocks,USA,,11/15/18,,coral_reef,coral_head,tissue,host-associated
pHS1_23_3_G11-15-18,Persist-Resist,Acropora,palmata,HS1,23,3,96,Carly_Dana,Grecian_rocks,USA,,11/15/18,,coral_reef,coral_head,tissue,host-associated
pML2_1_5_G11-15-18,Persist-Resist,Acropora,palmata,ML2,1,5,97,Carly_Dana,Grecian_rocks,USA,,11/15/18,,coral_reef,coral_head,tissue,host-associated
pML2_1_4_G11-15-18,Persist-Resist,Acropora,palmata,ML2,1,4,98,Carly_Dana,Grecian_rocks,USA,,11/15/18,,coral_reef,coral_head,tissue,host-associated
pML2_1_6_G11-15-18,Persist-Resist,Acropora,palmata,ML2,1,6,99,Carly_Dana,Grecian_rocks,USA,,11/15/18,,coral_reef,coral_head,tissue,host-associated
pML2_10_6_G11-15-18,Persist-Resist,Acropora,palmata,ML2,10,6,100,Carly_Dana,Grecian_rocks,USA,,11/15/18,,coral_reef,coral_head,tissue,host-associated
pML2_10_4_G11-15-18,Persist-Resist,Acropora,palmata,ML2,10,4,201,Carly_Dana,Grecian_rocks,USA,,11/15/18,,coral_reef,coral_head,tissue,host-associated
pML2_10_3_G11-15-18,Persist-Resist,Acropora,palmata,ML2,10,3,202,Carly_Dana,Grecian_rocks,USA,,11/15/18,,coral_reef,coral_head,tissue,host-associated
pML2_11_5_G11-15-18,Persist-Resist,Acropora,palmata,ML2,11,5,203,Carly_Dana,Grecian_rocks,USA,,11/15/18,,coral_reef,coral_head,tissue,host-associated
pML2_11_B_G11-15-18,Persist-Resist,Acropora,palmata,ML2,11,B,204,Carly_Dana,Grecian_rocks,USA,,11/15/18,,coral_reef,coral_head,tissue,host-associated
pML2_11_3_G11-15-18,Persist-Resist,Acropora,palmata,ML2,11,3,205,Carly_Dana,Grecian_rocks,USA,,11/15/18,,coral_reef,coral_head,tissue,host-associated
pHS1_20_6_G11-15-18,Persist-Resist,Acropora,palmata,HS1,20,6,206,Carly_Dana,Grecian_rocks,USA,,11/15/18,,coral_reef,coral_head,tissue,host-associated
pHS1_20_7_G11-15-18,Persist-Resist,Acropora,palmata,HS1,20,7,207,Carly_Dana,Grecian_rocks,USA,,11/15/18,,coral_reef,coral_head,tissue,host-associated
pHS1_20_A_G11-15-18,Persist-Resist,Acropora,palmata,HS1,20,A,208,Carly_Dana,Grecian_rocks,USA,,11/15/18,,coral_reef,coral_head,tissue,host-associated
pHS1_22_5_G11-15-18,Persist-Resist,Acropora,palmata,HS1,22,5,209,Carly_Dana,Grecian_rocks,USA,,11/15/18,,coral_reef,coral_head,tissue,host-associated
pHS1_22_4_G11-15-18,Persist-Resist,Acropora,palmata,HS1,22,4,210,Carly_Dana,Grecian_rocks,USA,,11/15/18,,coral_reef,coral_head,tissue,host-associated
pHS1_22_3_G11-15-18,Persist-Resist,Acropora,palmata,HS1,22,3,211,Carly_Dana,Grecian_rocks,USA,,11/15/18,,coral_reef,coral_head,tissue,host-associated
pSL1_87_5_N11-20-18,Persist-Resist,Acropora,palmata,SL1,87,5,221,Annie_Dana,North_dry_rocks,USA,,11/20/18,,coral_reef,coral_head,tissue,host-associated
pSL1_87_7_N11-20-18,Persist-Resist,Acropora,palmata,SL1,87,7,222,Annie_Dana,North_dry_rocks,USA,,11/20/18,,coral_reef,coral_head,tissue,host-associated
pSL1_87_4_N11-20-18,Persist-Resist,Acropora,palmata,SL1,87,4,223,Annie_Dana,North_dry_rocks,USA,,11/20/18,,coral_reef,coral_head,tissue,host-associated
pSL1_85_A_N11-20-18,Persist-Resist,Acropora,palmata,SL1,85,A,233,Annie_Dana,North_dry_rocks,USA,,11/20/18,,coral_reef,coral_head,tissue,host-associated
pSL1_85_B_N11-20-18,Persist-Resist,Acropora,palmata,SL1,85,B,234,Annie_Dana,North_dry_rocks,USA,,11/20/18,,coral_reef,coral_head,tissue,host-associated
pSL1_85_4_N11-20-18,Persist-Resist,Acropora,palmata,SL1,85,4,235,Annie_Dana,North_dry_rocks,USA,,11/20/18,,coral_reef,coral_head,tissue,host-associated
pSL5_84_3_N11-20-18,Persist-Resist,Acropora,palmata,SL5,84,3,236,Annie_Dana,North_dry_rocks,USA,,11/20/18,,coral_reef,coral_head,tissue,host-associated
pSL5_84_4_N11-20-18,Persist-Resist,Acropora,palmata,SL5,84,4,237,Annie_Dana,North_dry_rocks,USA,,11/20/18,,coral_reef,coral_head,tissue,host-associated
pSL5_84_5_N11-20-18,Persist-Resist,Acropora,palmata,SL5,84,5,238,Annie_Dana,North_dry_rocks,USA,,11/20/18,,coral_reef,coral_head,tissue,host-associated
pSL5_77_4_N11-20-18,Persist-Resist,Acropora,palmata,SL5,77,4,239,Annie_Dana,North_dry_rocks,USA,,11/20/18,,coral_reef,coral_head,tissue,host-associated
pSL5_77_6_N11-20-18,Persist-Resist,Acropora,palmata,SL5,77,6,240,Annie_Dana,North_dry_rocks,USA,,11/20/18,,coral_reef,coral_head,tissue,host-associated
pSL5_77_7_N11-20-18,Persist-Resist,Acropora,palmata,SL5,77,7,224,Annie_Dana,North_dry_rocks,USA,,11/20/18,,coral_reef,coral_head,tissue,host-associated
pSN1_68_3_N11-20-18,Persist-Resist,Acropora,palmata,SN1,68,3,226,Annie_Dana,North_dry_rocks,USA,,11/20/18,,coral_reef,coral_head,tissue,host-associated
pSN1_68_4_N11-20-18,Persist-Resist,Acropora,palmata,SN1,68,4,225,Annie_Dana,North_dry_rocks,USA,,11/20/18,,coral_reef,coral_head,tissue,host-associated
pSN1_68_7_N11-20-18,Persist-Resist,Acropora,palmata,SN1,68,7,227,Annie_Dana,North_dry_rocks,USA,,11/20/18,,coral_reef,coral_head,tissue,host-associated
pHS1_67_6_N11-20-18,Persist-Resist,Acropora,palmata,HS1,67,6,228,Annie_Dana,North_dry_rocks,USA,,11/20/18,,coral_reef,coral_head,tissue,host-associated
pHS1_67_7_N11-20-18,Persist-Resist,Acropora,palmata,HS1,67,7,229,Annie_Dana,North_dry_rocks,USA,,11/20/18,,coral_reef,coral_head,tissue,host-associated
pHS1_67_3_N11-20-18,Persist-Resist,Acropora,palmata,HS1,67,3,230,Annie_Dana,North_dry_rocks,USA,,11/20/18,,coral_reef,coral_head,tissue,host-associated
pHS1_70_3_N11-20-18,Persist-Resist,Acropora,palmata,HS1,70,3,231,Annie_Dana,North_dry_rocks,USA,,11/20/18,,coral_reef,coral_head,tissue,host-associated
pHS1_70_4_N11-20-18,Persist-Resist,Acropora,palmata,HS1,70,4,232,Annie_Dana,North_dry_rocks,USA,,11/20/18,,coral_reef,coral_head,tissue,host-associated
pHS1_70_5_N11-20-18,Persist-Resist,Acropora,palmata,HS1,70,5,341,Annie_Dana,North_dry_rocks,USA,,11/20/18,,coral_reef,coral_head,tissue,host-associated
pSN1_71_A_N11-20-18,Persist-Resist,Acropora,palmata,SN1,71,A,342,Annie_Dana,North_dry_rocks,USA,,11/20/18,,coral_reef,coral_head,tissue,host-associated
pSN1_71_3_N11-20-18,Persist-Resist,Acropora,palmata,SN1,71,3,343,Annie_Dana,North_dry_rocks,USA,,11/20/18,,coral_reef,coral_head,tissue,host-associated
pSN1_71_4_N11-20-18,Persist-Resist,Acropora,palmata,SN1,71,4,344,Annie_Dana,North_dry_rocks,USA,,11/20/18,,coral_reef,coral_head,tissue,host-associated
pCN2_65_7_N11-20-18,Persist-Resist,Acropora,palmata,CN2,65,7,345,Annie_Dana,North_dry_rocks,USA,,11/20/18,,coral_reef,coral_head,tissue,host-associated
pCN2_65_3_N11-20-18,Persist-Resist,Acropora,palmata,CN2,65,3,346,Annie_Dana,North_dry_rocks,USA,,11/20/18,,coral_reef,coral_head,tissue,host-associated
pCN2_65_6_N11-20-18,Persist-Resist,Acropora,palmata,CN2,65,6,347,Annie_Dana,North_dry_rocks,USA,,11/20/18,,coral_reef,coral_head,tissue,host-associated
pAAA2_142_5_N11-20-18,Persist-Resist,Acropora,palmata,AAA2,142,5,348,Annie_Dana,North_dry_rocks,USA,,11/20/18,,coral_reef,coral_head,tissue,host-associated
pAAA2_142_3_N11-20-18,Persist-Resist,Acropora,palmata,AAA2,142,3,349,Annie_Dana,North_dry_rocks,USA,,11/20/18,,coral_reef,coral_head,tissue,host-associated
pAAA2_142_6_N11-20-18,Persist-Resist,Acropora,palmata,AAA2,142,6,350,Annie_Dana,North_dry_rocks,USA,,11/20/18,,coral_reef,coral_head,tissue,host-associated
pAAA2_144_3_N11-20-18,Persist-Resist,Acropora,palmata,AAA2,144,3,351,Annie_Dana,North_dry_rocks,USA,,11/20/18,,coral_reef,coral_head,tissue,host-associated
pAAA2_144_5_N11-20-18,Persist-Resist,Acropora,palmata,AAA2,144,5,352,Annie_Dana,North_dry_rocks,USA,,11/20/18,,coral_reef,coral_head,tissue,host-associated
pAAA2_144_7_N11-20-18,Persist-Resist,Acropora,palmata,AAA2,144,7,353,Annie_Dana,North_dry_rocks,USA,,11/20/18,,coral_reef,coral_head,tissue,host-associated
pAAA2_148_6_N11-20-18,Persist-Resist,Acropora,palmata,AAA2,148,6,354,Annie_Dana,North_dry_rocks,USA,,11/20/18,,coral_reef,coral_head,tissue,host-associated
pAAA2_148_5_N11-20-18,Persist-Resist,Acropora,palmata,AAA2,148,5,355,Annie_Dana,North_dry_rocks,USA,,11/20/18,,coral_reef,coral_head,tissue,host-associated
pAAA2_148_7_N11-20-18,Persist-Resist,Acropora,palmata,AAA2,148,7,356,Annie_Dana,North_dry_rocks,USA,,11/20/18,,coral_reef,coral_head,tissue,host-associated
pAAA3_137_3_N11-20-18,Persist-Resist,Acropora,palmata,AAA3,137,3,357,Annie_Dana,North_dry_rocks,USA,,11/20/18,,coral_reef,coral_head,tissue,host-associated
pAAA3_137_5_N11-20-18,Persist-Resist,Acropora,palmata,AAA3,137,5,358,Annie_Dana,North_dry_rocks,USA,,11/20/18,,coral_reef,coral_head,tissue,host-associated
pAAA3_137_4_N11-20-18,Persist-Resist,Acropora,palmata,AAA3,137,4,359,Annie_Dana,North_dry_rocks,USA,,11/20/18,,coral_reef,coral_head,tissue,host-associated
pAAA3_139_3_N11-20-18,Persist-Resist,Acropora,palmata,AAA3,139,3,397,Annie_Dana,North_dry_rocks,USA,,11/20/18,,coral_reef,coral_head,tissue,host-associated
pAAA3_139_5_N11-20-18,Persist-Resist,Acropora,palmata,AAA3,139,5,398,Annie_Dana,North_dry_rocks,USA,,11/20/18,,coral_reef,coral_head,tissue,host-associated
pAAA3_139_6_N11-20-18,Persist-Resist,Acropora,palmata,AAA3,139,6,399,Annie_Dana,North_dry_rocks,USA,,11/20/18,,coral_reef,coral_head,tissue,host-associated
pSL1_86_5_N11-20-18,Persist-Resist,Acropora,palmata,SL1,86,5,360,Annie_Dana,North_dry_rocks,USA,,11/20/18,,coral_reef,coral_head,tissue,host-associated
pSL5_76_3_N11-20-18,Persist-Resist,Acropora,palmata,SL5,76,3,381,Annie_Dana,North_dry_rocks,USA,,11/20/18,,coral_reef,coral_head,tissue,host-associated
pSL5_76_A_N11-20-18,Persist-Resist,Acropora,palmata,SL5,76,A,382,Annie_Dana,North_dry_rocks,USA,,11/20/18,,coral_reef,coral_head,tissue,host-associated
pAAA3_141_3_N11-20-18,Persist-Resist,Acropora,palmata,AAA3,141,3,383,Annie_Dana,North_dry_rocks,USA,,11/20/18,,coral_reef,coral_head,tissue,host-associated
pAAA3_141_4_N11-20-18,Persist-Resist,Acropora,palmata,AAA3,141,4,384,Annie_Dana,North_dry_rocks,USA,,11/20/18,,coral_reef,coral_head,tissue,host-associated
pAAA3_141_5_N11-20-18,Persist-Resist,Acropora,palmata,AAA3,141,5,385,Annie_Dana,North_dry_rocks,USA,,11/20/18,,coral_reef,coral_head,tissue,host-associated
cU41_71_3_N11-20-18,Persist-Resist,Acropora,cervicornis,U41,71,3,386,Annie_Dana,North_dry_rocks,USA,,11/20/18,,coral_reef,coral_head,tissue,host-associated
cU41_71_6_N11-20-18,Persist-Resist,Acropora,cervicornis,U41,71,6,387,Annie_Dana,North_dry_rocks,USA,,11/20/18,,coral_reef,coral_head,tissue,host-associated
cU41_71_4_N11-20-18,Persist-Resist,Acropora,cervicornis,U41,71,4,388,Annie_Dana,North_dry_rocks,USA,,11/20/18,,coral_reef,coral_head,tissue,host-associated
cU41_76_B_N11-20-18,Persist-Resist,Acropora,cervicornis,U41,76,B,389,Annie_Dana,North_dry_rocks,USA,,11/20/18,,coral_reef,coral_head,tissue,host-associated
cU41_76_4_N11-20-18,Persist-Resist,Acropora,cervicornis,U41,76,4,390,Annie_Dana,North_dry_rocks,USA,,11/20/18,,coral_reef,coral_head,tissue,host-associated
cU41_76_7_N11-20-18,Persist-Resist,Acropora,cervicornis,U41,76,7,391,Annie_Dana,North_dry_rocks,USA,,11/20/18,,coral_reef,coral_head,tissue,host-associated
cU41_68_3_N11-20-18,Persist-Resist,Acropora,cervicornis,U41,68,3,392,Annie_Dana,North_dry_rocks,USA,,11/20/18,,coral_reef,coral_head,tissue,host-associated
cU41_68_A_N11-20-18,Persist-Resist,Acropora,cervicornis,U41,68,A,393,Annie_Dana,North_dry_rocks,USA,,11/20/18,,coral_reef,coral_head,tissue,host-associated
cU41_68_4_N11-20-18,Persist-Resist,Acropora,cervicornis,U41,68,4,394,Annie_Dana,North_dry_rocks,USA,,11/20/18,,coral_reef,coral_head,tissue,host-associated
cK2_40_7_N11-20-18,Persist-Resist,Acropora,cervicornis,K2,40,7,395,Annie_Dana,North_dry_rocks,USA,,11/20/18,,coral_reef,coral_head,tissue,host-associated
cK2_40_6_N11-20-18,Persist-Resist,Acropora,cervicornis,K2,40,6,396,Annie_Dana,North_dry_rocks,USA,,11/20/18,,coral_reef,coral_head,tissue,host-associated
cK2_40_4_N11-20-18,Persist-Resist,Acropora,cervicornis,K2,40,4,400,Annie_Dana,North_dry_rocks,USA,,11/20/18,,coral_reef,coral_head,tissue,host-associated
cK2_45_4_N11-20-18,Persist-Resist,Acropora,cervicornis,K2,45,4,421,Annie_Dana,North_dry_rocks,USA,,11/20/18,,coral_reef,coral_head,tissue,host-associated
cK2_45_6_N11-20-18,Persist-Resist,Acropora,cervicornis,K2,45,6,422,Annie_Dana,North_dry_rocks,USA,,11/20/18,,coral_reef,coral_head,tissue,host-associated
cK2_45_5_N11-20-18,Persist-Resist,Acropora,cervicornis,K2,45,5,423,Annie_Dana,North_dry_rocks,USA,,11/20/18,,coral_reef,coral_head,tissue,host-associated
cK2_36_4_N11-20-18,Persist-Resist,Acropora,cervicornis,K2,36,4,431,Annie_Dana,North_dry_rocks,USA,,11/20/18,,coral_reef,coral_head,tissue,host-associated
cK2_36_3_N11-20-18,Persist-Resist,Acropora,cervicornis,K2,36,3,432,Annie_Dana,North_dry_rocks,USA,,11/20/18,,coral_reef,coral_head,tissue,host-associated
cK2_36_5_N11-20-18,Persist-Resist,Acropora,cervicornis,K2,36,5,433,Annie_Dana,North_dry_rocks,USA,,11/20/18,,coral_reef,coral_head,tissue,host-associated
pCN3_60_3_N11-20-18,Persist-Resist,Acropora,palmata,CN3,60,3,290,Ben_Allan,North_dry_rocks,USA,,11/20/18,,coral_reef,coral_head,tissue,host-associated
pCN3_60_4_N11-20-18,Persist-Resist,Acropora,palmata,CN3,60,4,291,Ben_Allan,North_dry_rocks,USA,,11/20/18,,coral_reef,coral_head,tissue,host-associated
pCN3_60_5_N11-20-18,Persist-Resist,Acropora,palmata,CN3,60,5,292,Ben_Allan,North_dry_rocks,USA,,11/20/18,,coral_reef,coral_head,tissue,host-associated
pHS1_63_3_N11-20-18,Persist-Resist,Acropora,palmata,HS1,63,3,293,Ben_Allan,North_dry_rocks,USA,,11/20/18,,coral_reef,coral_head,tissue,host-associated
pHS1_63_4_N11-20-18,Persist-Resist,Acropora,palmata,HS1,63,4,294,Ben_Allan,North_dry_rocks,USA,,11/20/18,,coral_reef,coral_head,tissue,host-associated
pHS1_63_5_N11-20-18,Persist-Resist,Acropora,palmata,HS1,63,5,295,Ben_Allan,North_dry_rocks,USA,,11/20/18,,coral_reef,coral_head,tissue,host-associated
pSN1_64_3_N11-20-18,Persist-Resist,Acropora,palmata,SN1,64,3,296,Ben_Allan,North_dry_rocks,USA,,11/20/18,,coral_reef,coral_head,tissue,host-associated
pSN1_64_5_N11-20-18,Persist-Resist,Acropora,palmata,SN1,64,5,297,Ben_Allan,North_dry_rocks,USA,,11/20/18,,coral_reef,coral_head,tissue,host-associated
pSN1_64_6_N11-20-18,Persist-Resist,Acropora,palmata,SN1,64,6,298,Ben_Allan,North_dry_rocks,USA,,11/20/18,,coral_reef,coral_head,tissue,host-associated
pCN3_58_3_N11-20-18,Persist-Resist,Acropora,palmata,CN3,58,3,299,Ben_Allan,North_dry_rocks,USA,,11/20/18,,coral_reef,coral_head,tissue,host-associated
pCN3_58_4_N11-20-18,Persist-Resist,Acropora,palmata,CN3,58,4,300,Ben_Allan,North_dry_rocks,USA,,11/20/18,,coral_reef,coral_head,tissue,host-associated
pCN3_58_5_N11-20-18,Persist-Resist,Acropora,palmata,CN3,58,5,301,Ben_Allan,North_dry_rocks,USA,,11/20/18,,coral_reef,coral_head,tissue,host-associated
pCN3_54_3_N11-20-18,Persist-Resist,Acropora,palmata,CN3,54,3,302,Ben_Allan,North_dry_rocks,USA,,11/20/18,,coral_reef,coral_head,tissue,host-associated
pCN3_54_4_N11-20-18,Persist-Resist,Acropora,palmata,CN3,54,4,303,Ben_Allan,North_dry_rocks,USA,,11/20/18,,coral_reef,coral_head,tissue,host-associated
pCN3_54_5_N11-20-18,Persist-Resist,Acropora,palmata,CN3,54,5,304,Ben_Allan,North_dry_rocks,USA,,11/20/18,,coral_reef,coral_head,tissue,host-associated
pCN4_32_3_N11-20-18,Persist-Resist,Acropora,palmata,CN4,32,3,305,Ben_Allan,North_dry_rocks,USA,,11/20/18,,coral_reef,coral_head,tissue,host-associated
pCN4_32_4_N11-20-18,Persist-Resist,Acropora,palmata,CN4,32,4,306,Ben_Allan,North_dry_rocks,USA,,11/20/18,,coral_reef,coral_head,tissue,host-associated
pCN4_32_5_N11-20-18,Persist-Resist,Acropora,palmata,CN4,32,5,307,Ben_Allan,North_dry_rocks,USA,,11/20/18,,coral_reef,coral_head,tissue,host-associated
pCN4_38_3_N11-20-18,Persist-Resist,Acropora,palmata,CN4,38,3,308,Ben_Allan,North_dry_rocks,USA,,11/20/18,,coral_reef,coral_head,tissue,host-associated
pCN4_38_4_N11-20-18,Persist-Resist,Acropora,palmata,CN4,38,4,309,Ben_Allan,North_dry_rocks,USA,,11/20/18,,coral_reef,coral_head,tissue,host-associated
pCN4_38_6_N11-20-18,Persist-Resist,Acropora,palmata,CN4,38,6,310,Ben_Allan,North_dry_rocks,USA,,11/20/18,,coral_reef,coral_head,tissue,host-associated
pCN4_28_3_N11-20-18,Persist-Resist,Acropora,palmata,CN4,28,3,311,Ben_Allan,North_dry_rocks,USA,,11/20/18,,coral_reef,coral_head,tissue,host-associated
pCN4_28_4_N11-20-18,Persist-Resist,Acropora,palmata,CN4,28,4,312,Ben_Allan,North_dry_rocks,USA,,11/20/18,,coral_reef,coral_head,tissue,host-associated
pCN4_28_5_N11-20-18,Persist-Resist,Acropora,palmata,CN4,28,5,313,Ben_Allan,North_dry_rocks,USA,,11/20/18,,coral_reef,coral_head,tissue,host-associated
pML2_26_3_N11-20-18,Persist-Resist,Acropora,palmata,ML2,26,3,314,Ben_Allan,North_dry_rocks,USA,,11/20/18,,coral_reef,coral_head,tissue,host-associated
pML2_26_4_N11-20-18,Persist-Resist,Acropora,palmata,ML2,26,4,315,Ben_Allan,North_dry_rocks,USA,,11/20/18,,coral_reef,coral_head,tissue,host-associated
pML2_26_5_N11-20-18,Persist-Resist,Acropora,palmata,ML2,26,5,316,Ben_Allan,North_dry_rocks,USA,,11/20/18,,coral_reef,coral_head,tissue,host-associated
pML2_23_B_N11-20-18,Persist-Resist,Acropora,palmata,ML2,23,B,317,Ben_Allan,North_dry_rocks,USA,,11/20/18,,coral_reef,coral_head,tissue,host-associated
pML2_23_6_N11-20-18,Persist-Resist,Acropora,palmata,ML2,23,6,318,Ben_Allan,North_dry_rocks,USA,,11/20/18,,coral_reef,coral_head,tissue,host-associated
pML2_23_7_N11-20-18,Persist-Resist,Acropora,palmata,ML2,23,7,319,Ben_Allan,North_dry_rocks,USA,,11/20/18,,coral_reef,coral_head,tissue,host-associated
pML2_18_3_N11-20-18,Persist-Resist,Acropora,palmata,ML2,18,3,320,Ben_Allan,North_dry_rocks,USA,,11/20/18,,coral_reef,coral_head,tissue,host-associated
pML2_18_4_N11-20-18,Persist-Resist,Acropora,palmata,ML2,18,4,321,Ben_Allan,North_dry_rocks,USA,,11/20/18,,coral_reef,coral_head,tissue,host-associated
pML2_18_6_N11-20-18,Persist-Resist,Acropora,palmata,ML2,18,6,322,Ben_Allan,North_dry_rocks,USA,,11/20/18,,coral_reef,coral_head,tissue,host-associated
pCN2_15_4_N11-20-18,Persist-Resist,Acropora,palmata,CN2,15,4,326,Ben_Allan,North_dry_rocks,USA,,11/20/18,,coral_reef,coral_head,tissue,host-associated
pCN2_15_5_N11-20-18,Persist-Resist,Acropora,palmata,CN2,15,5,327,Ben_Allan,North_dry_rocks,USA,,11/20/18,,coral_reef,coral_head,tissue,host-associated
pCN2_15_6_N11-20-18,Persist-Resist,Acropora,palmata,CN2,15,6,328,Ben_Allan,North_dry_rocks,USA,,11/20/18,,coral_reef,coral_head,tissue,host-associated
pCN1_16_3_N11-20-18,Persist-Resist,Acropora,palmata,CN1,16,3,323,Ben_Allan,North_dry_rocks,USA,,11/20/18,,coral_reef,coral_head,tissue,host-associated
pCN1_16_4_N11-20-18,Persist-Resist,Acropora,palmata,CN1,16,4,324,Ben_Allan,North_dry_rocks,USA,,11/20/18,,coral_reef,coral_head,tissue,host-associated
pCN1_16_5_N11-20-18,Persist-Resist,Acropora,palmata,CN1,16,5,325,Ben_Allan,North_dry_rocks,USA,,11/20/18,,coral_reef,coral_head,tissue,host-associated
pCN1_17_3_N11-20-18,Persist-Resist,Acropora,palmata,CN1,17,3,329,Ben_Allan,North_dry_rocks,USA,,11/20/18,,coral_reef,coral_head,tissue,host-associated
pCN1_17_4_N11-20-18,Persist-Resist,Acropora,palmata,CN1,17,4,330,Ben_Allan,North_dry_rocks,USA,,11/20/18,,coral_reef,coral_head,tissue,host-associated
pCN1_17_7_N11-20-18,Persist-Resist,Acropora,palmata,CN1,17,7,331,Ben_Allan,North_dry_rocks,USA,,11/20/18,,coral_reef,coral_head,tissue,host-associated
pCN1_12_4_N11-20-18,Persist-Resist,Acropora,palmata,CN1,12,4,332,Ben_Allan,North_dry_rocks,USA,,11/20/18,,coral_reef,coral_head,tissue,host-associated
pCN1_12_5_N11-20-18,Persist-Resist,Acropora,palmata,CN1,12,5,333,Ben_Allan,North_dry_rocks,USA,,11/20/18,,coral_reef,coral_head,tissue,host-associated
pCN1_12_6_N11-20-18,Persist-Resist,Acropora,palmata,CN1,12,6,334,Ben_Allan,North_dry_rocks,USA,,11/20/18,,coral_reef,coral_head,tissue,host-associated
pCN2_57_3_N11-20-18,Persist-Resist,Acropora,palmata,CN2,57,3,335,Ben_Allan,North_dry_rocks,USA,,11/20/18,,coral_reef,coral_head,tissue,host-associated
pCN2_57_4_N11-20-18,Persist-Resist,Acropora,palmata,CN2,57,4,336,Ben_Allan,North_dry_rocks,USA,,11/20/18,,coral_reef,coral_head,tissue,host-associated
pCN2_57_5_N11-20-18,Persist-Resist,Acropora,palmata,CN2,57,5,337,Ben_Allan,North_dry_rocks,USA,,11/20/18,,coral_reef,coral_head,tissue,host-associated
cM5_18_3_N11-20-18,Persist-Resist,Acropora,cervicornis,M5,18,3,338,Ben_Allan,North_dry_rocks,USA,,11/20/18,,coral_reef,coral_head,tissue,host-associated
cM5_18_4_N11-20-18,Persist-Resist,Acropora,cervicornis,M5,18,4,339,Ben_Allan,North_dry_rocks,USA,,11/20/18,,coral_reef,coral_head,tissue,host-associated
cM5_18_5_N11-20-18,Persist-Resist,Acropora,cervicornis,M5,18,5,340,Ben_Allan,North_dry_rocks,USA,,11/20/18,,coral_reef,coral_head,tissue,host-associated
cM5_8_3_N11-20-18,Persist-Resist,Acropora,cervicornis,M5,8,3,361,Ben_Allan,North_dry_rocks,USA,,11/20/18,,coral_reef,coral_head,tissue,host-associated
cM5_8_4_N11-20-18,Persist-Resist,Acropora,cervicornis,M5,8,4,362,Ben_Allan,North_dry_rocks,USA,,11/20/18,,coral_reef,coral_head,tissue,host-associated
cM5_8_5_N11-20-18,Persist-Resist,Acropora,cervicornis,M5,8,5,363,Ben_Allan,North_dry_rocks,USA,,11/20/18,,coral_reef,coral_head,tissue,host-associated
cU44_1_3_N11-20-18,Persist-Resist,Acropora,cervicornis,U44,1,3,364,Ben_Allan,North_dry_rocks,USA,,11/20/18,,coral_reef,coral_head,tissue,host-associated
cU44_1_4_N11-20-18,Persist-Resist,Acropora,cervicornis,U44,1,4,365,Ben_Allan,North_dry_rocks,USA,,11/20/18,,coral_reef,coral_head,tissue,host-associated
cU44_1_7_N11-20-18,Persist-Resist,Acropora,cervicornis,U44,1,7,366,Ben_Allan,North_dry_rocks,USA,,11/20/18,,coral_reef,coral_head,tissue,host-associated
cU44_3_3_N11-20-18,Persist-Resist,Acropora,cervicornis,U44,3,3,367,Ben_Allan,North_dry_rocks,USA,,11/20/18,,coral_reef,coral_head,tissue,host-associated
cU44_3_4_N11-20-18,Persist-Resist,Acropora,cervicornis,U44,3,4,368,Ben_Allan,North_dry_rocks,USA,,11/20/18,,coral_reef,coral_head,tissue,host-associated
cU44_3_5_N11-20-18,Persist-Resist,Acropora,cervicornis,U44,3,5,369,Ben_Allan,North_dry_rocks,USA,,11/20/18,,coral_reef,coral_head,tissue,host-associated
cM5_24_3_N11-20-18,Persist-Resist,Acropora,cervicornis,M5,24,3,370,Ben_Allan,North_dry_rocks,USA,,11/20/18,,coral_reef,coral_head,tissue,host-associated
cM5_24_4_N11-20-18,Persist-Resist,Acropora,cervicornis,M5,24,4,371,Ben_Allan,North_dry_rocks,USA,,11/20/18,,coral_reef,coral_head,tissue,host-associated
cM5_24_5_N11-20-18,Persist-Resist,Acropora,cervicornis,M5,24,5,372,Ben_Allan,North_dry_rocks,USA,,11/20/18,,coral_reef,coral_head,tissue,host-associated
cU44_22_3_N11-20-18,Persist-Resist,Acropora,cervicornis,U44,22,3,373,Ben_Allan,North_dry_rocks,USA,,11/20/18,,coral_reef,coral_head,tissue,host-associated
cU44_22_4_N11-20-18,Persist-Resist,Acropora,cervicornis,U44,22,4,374,Ben_Allan,North_dry_rocks,USA,,11/20/18,,coral_reef,coral_head,tissue,host-associated
cU44_22_6_N11-20-18,Persist-Resist,Acropora,cervicornis,U44,22,6,375,Ben_Allan,North_dry_rocks,USA,,11/20/18,,coral_reef,coral_head,tissue,host-associated
cU41_48_7_C11-26-18,Persist-Resist,Acropora,cervicornis,U41,48,7,496,Carly_Dana,Carysfort_reef,USA,,11/26/18,,coral_reef,coral_head,tissue,host-associated
cU41_48_5_C11-26-18,Persist-Resist,Acropora,cervicornis,U41,48,5,497,Carly_Dana,Carysfort_reef,USA,,11/26/18,,coral_reef,coral_head,tissue,host-associated
cU41_48_4_C11-26-18,Persist-Resist,Acropora,cervicornis,U41,48,4,498,Carly_Dana,Carysfort_reef,USA,,11/26/18,,coral_reef,coral_head,tissue,host-associated
cM5_33_6_C11-26-18,Persist-Resist,Acropora,cervicornis,M5,33,6,499,Carly_Dana,Carysfort_reef,USA,,11/26/18,,coral_reef,coral_head,tissue,host-associated
cM5_33_4_C11-26-18,Persist-Resist,Acropora,cervicornis,M5,33,4,500,Carly_Dana,Carysfort_reef,USA,,11/26/18,,coral_reef,coral_head,tissue,host-associated
cM5_33_5_C11-26-18,Persist-Resist,Acropora,cervicornis,M5,33,5,501,Carly_Dana,Carysfort_reef,USA,,11/26/18,,coral_reef,coral_head,tissue,host-associated
cU41_15_7_C11-26-18,Persist-Resist,Acropora,cervicornis,U41,15,7,502,Carly_Dana,Carysfort_reef,USA,,11/26/18,,coral_reef,coral_head,tissue,host-associated
cU41_15_4_C11-26-18,Persist-Resist,Acropora,cervicornis,U41,15,4,503,Carly_Dana,Carysfort_reef,USA,,11/26/18,,coral_reef,coral_head,tissue,host-associated
cU41_15_3_C11-26-18,Persist-Resist,Acropora,cervicornis,U41,15,3,504,Carly_Dana,Carysfort_reef,USA,,11/26/18,,coral_reef,coral_head,tissue,host-associated
cU41_18_7_C11-26-18,Persist-Resist,Acropora,cervicornis,U41,18,7,505,Carly_Dana,Carysfort_reef,USA,,11/26/18,,coral_reef,coral_head,tissue,host-associated
cU41_18_4_C11-26-18,Persist-Resist,Acropora,cervicornis,U41,18,4,506,Carly_Dana,Carysfort_reef,USA,,11/26/18,,coral_reef,coral_head,tissue,host-associated
cU41_18_3_C11-26-18,Persist-Resist,Acropora,cervicornis,U41,18,3,507,Carly_Dana,Carysfort_reef,USA,,11/26/18,,coral_reef,coral_head,tissue,host-associated
cM5_13_5_C11-26-18,Persist-Resist,Acropora,cervicornis,M5,13,5,508,Carly_Dana,Carysfort_reef,USA,,11/26/18,,coral_reef,coral_head,tissue,host-associated
cM5_13_A_C11-26-18,Persist-Resist,Acropora,cervicornis,M5,13,A,509,Carly_Dana,Carysfort_reef,USA,,11/26/18,,coral_reef,coral_head,tissue,host-associated
cM5_13_3_C11-26-18,Persist-Resist,Acropora,cervicornis,M5,13,3,510,Carly_Dana,Carysfort_reef,USA,,11/26/18,,coral_reef,coral_head,tissue,host-associated
pSI5_90_3_C11-26-18,Persist-Resist,Acropora,palmata,SI5,90,3,461,Carly_Dana,Carysfort_reef,USA,,11/26/18,,coral_reef,coral_head,tissue,host-associated
pSI5_90_4_C11-26-18,Persist-Resist,Acropora,palmata,SI5,90,4,462,Carly_Dana,Carysfort_reef,USA,,11/26/18,,coral_reef,coral_head,tissue,host-associated
pSI5_90_5_C11-26-18,Persist-Resist,Acropora,palmata,SI5,90,5,463,Carly_Dana,Carysfort_reef,USA,,11/26/18,,coral_reef,coral_head,tissue,host-associated
pML2_95_3_C11-26-18,Persist-Resist,Acropora,palmata,ML2,95,3,464,Carly_Dana,Carysfort_reef,USA,,11/26/18,,coral_reef,coral_head,tissue,host-associated
pML2_95_4_C11-26-18,Persist-Resist,Acropora,palmata,ML2,95,4,465,Carly_Dana,Carysfort_reef,USA,,11/26/18,,coral_reef,coral_head,tissue,host-associated
pSI1_96_3_C11-26-18,Persist-Resist,Acropora,palmata,SI1,96,3,466,Carly_Dana,Carysfort_reef,USA,,11/26/18,,coral_reef,coral_head,tissue,host-associated
pAAA3_99_4_C11-26-18,Persist-Resist,Acropora,palmata,AAA3,99,4,467,Carly_Dana,Carysfort_reef,USA,,11/26/18,,coral_reef,coral_head,tissue,host-associated
pAAA3_99_5_C11-26-18,Persist-Resist,Acropora,palmata,AAA3,99,5,468,Carly_Dana,Carysfort_reef,USA,,11/26/18,,coral_reef,coral_head,tissue,host-associated
pAAA3_99_3_C11-26-18,Persist-Resist,Acropora,palmata,AAA3,99,3,469,Carly_Dana,Carysfort_reef,USA,,11/26/18,,coral_reef,coral_head,tissue,host-associated
pCN3_103_3_C11-26-18,Persist-Resist,Acropora,palmata,CN3,103,3,470,Carly_Dana,Carysfort_reef,USA,,11/26/18,,coral_reef,coral_head,tissue,host-associated
pCN3_103_4_C11-26-18,Persist-Resist,Acropora,palmata,CN3,103,4,471,Carly_Dana,Carysfort_reef,USA,,11/26/18,,coral_reef,coral_head,tissue,host-associated
pCN3_104_A_C11-26-18,Persist-Resist,Acropora,palmata,CN3,104,A,472,Carly_Dana,Carysfort_reef,USA,,11/26/18,,coral_reef,coral_head,tissue,host-associated
pSI5_106_3_C11-26-18,Persist-Resist,Acropora,palmata,SI5,106,3,473,Carly_Dana,Carysfort_reef,USA,,11/26/18,,coral_reef,coral_head,tissue,host-associated
pSI5_106_4_C11-26-18,Persist-Resist,Acropora,palmata,SI5,106,4,474,Carly_Dana,Carysfort_reef,USA,,11/26/18,,coral_reef,coral_head,tissue,host-associated
pSI5_106_B_C11-26-18,Persist-Resist,Acropora,palmata,SI5,106,B,475,Carly_Dana,Carysfort_reef,USA,,11/26/18,,coral_reef,coral_head,tissue,host-associated
pAAA3_108_7_C11-26-18,Persist-Resist,Acropora,palmata,AAA3,108,7,476,Carly_Dana,Carysfort_reef,USA,,11/26/18,,coral_reef,coral_head,tissue,host-associated
pAAA3_108_6_C11-26-18,Persist-Resist,Acropora,palmata,AAA3,108,6,477,Carly_Dana,Carysfort_reef,USA,,11/26/18,,coral_reef,coral_head,tissue,host-associated
pAAA3_108_3_C11-26-18,Persist-Resist,Acropora,palmata,AAA3,108,3,478,Carly_Dana,Carysfort_reef,USA,,11/26/18,,coral_reef,coral_head,tissue,host-associated
pCN3_112_4_C11-26-18,Persist-Resist,Acropora,palmata,CN3,112,4,479,Carly_Dana,Carysfort_reef,USA,,11/26/18,,coral_reef,coral_head,tissue,host-associated
pCN3_112_3_C11-26-18,Persist-Resist,Acropora,palmata,CN3,112,3,480,Carly_Dana,Carysfort_reef,USA,,11/26/18,,coral_reef,coral_head,tissue,host-associated
pSI5_114_3_C11-26-18,Persist-Resist,Acropora,palmata,SI5,114,3,481,Carly_Dana,Carysfort_reef,USA,,11/26/18,,coral_reef,coral_head,tissue,host-associated
pSI5_114_4_C11-26-18,Persist-Resist,Acropora,palmata,SI5,114,4,482,Carly_Dana,Carysfort_reef,USA,,11/26/18,,coral_reef,coral_head,tissue,host-associated
pCN1_119_3_C11-26-18,Persist-Resist,Acropora,palmata,CN1,119,3,483,Carly_Dana,Carysfort_reef,USA,,11/26/18,,coral_reef,coral_head,tissue,host-associated
pCN1_119_4_C11-26-18,Persist-Resist,Acropora,palmata,CN1,119,4,484,Carly_Dana,Carysfort_reef,USA,,11/26/18,,coral_reef,coral_head,tissue,host-associated
pCN1_119_6_C11-26-18,Persist-Resist,Acropora,palmata,CN1,119,6,485,Carly_Dana,Carysfort_reef,USA,,11/26/18,,coral_reef,coral_head,tissue,host-associated
pCN1_123_2_C11-26-18,Persist-Resist,Acropora,palmata,CN1,123,2,486,Carly_Dana,Carysfort_reef,USA,,11/26/18,,coral_reef,coral_head,tissue,host-associated
pCN1_123_6_C11-26-18,Persist-Resist,Acropora,palmata,CN1,123,6,487,Carly_Dana,Carysfort_reef,USA,,11/26/18,,coral_reef,coral_head,tissue,host-associated
pCN1_123_7_C11-26-18,Persist-Resist,Acropora,palmata,CN1,123,7,488,Carly_Dana,Carysfort_reef,USA,,11/26/18,,coral_reef,coral_head,tissue,host-associated
pSN1_139_A_C11-26-18,Persist-Resist,Acropora,palmata,SN1,139,A,489,Carly_Dana,Carysfort_reef,USA,,11/26/18,,coral_reef,coral_head,tissue,host-associated
pCN2_3_3_C11-26-18,Persist-Resist,Acropora,palmata,CN2,3,3,376,Ben_Allan,Carysfort_reef,USA,,11/26/18,,coral_reef,coral_head,tissue,host-associated
pCN2_3_4_C11-26-18,Persist-Resist,Acropora,palmata,CN2,3,4,377,Ben_Allan,Carysfort_reef,USA,,11/26/18,,coral_reef,coral_head,tissue,host-associated
pCN2_3_5_C11-26-18,Persist-Resist,Acropora,palmata,CN2,3,5,378,Ben_Allan,Carysfort_reef,USA,,11/26/18,,coral_reef,coral_head,tissue,host-associated
pCN2_6_3_C11-26-18,Persist-Resist,Acropora,palmata,CN2,6,3,379,Ben_Allan,Carysfort_reef,USA,,11/26/18,,coral_reef,coral_head,tissue,host-associated
pCN2_6_4_C11-26-18,Persist-Resist,Acropora,palmata,CN2,6,4,380,Ben_Allan,Carysfort_reef,USA,,11/26/18,,coral_reef,coral_head,tissue,host-associated
pCN2_6_5_C11-26-18,Persist-Resist,Acropora,palmata,CN2,6,5,401,Ben_Allan,Carysfort_reef,USA,,11/26/18,,coral_reef,coral_head,tissue,host-associated
pCN2_11_3_C11-26-18,Persist-Resist,Acropora,palmata,CN2,11,3,402,Ben_Allan,Carysfort_reef,USA,,11/26/18,,coral_reef,coral_head,tissue,host-associated
pCN2_11_4_C11-26-18,Persist-Resist,Acropora,palmata,CN2,11,4,403,Ben_Allan,Carysfort_reef,USA,,11/26/18,,coral_reef,coral_head,tissue,host-associated
pCN2_11_5_C11-26-18,Persist-Resist,Acropora,palmata,CN2,11,5,404,Ben_Allan,Carysfort_reef,USA,,11/26/18,,coral_reef,coral_head,tissue,host-associated
pAAA2_13_3_C11-26-18,Persist-Resist,Acropora,palmata,AAA2,13,3,405,Ben_Allan,Carysfort_reef,USA,,11/26/18,,coral_reef,coral_head,tissue,host-associated
pAAA2_13_4_C11-26-18,Persist-Resist,Acropora,palmata,AAA2,13,4,406,Ben_Allan,Carysfort_reef,USA,,11/26/18,,coral_reef,coral_head,tissue,host-associated
pAAA2_13_5_C11-26-18,Persist-Resist,Acropora,palmata,AAA2,13,5,407,Ben_Allan,Carysfort_reef,USA,,11/26/18,,coral_reef,coral_head,tissue,host-associated
pAAA2_16_3_C11-26-18,Persist-Resist,Acropora,palmata,AAA2,16,3,408,Ben_Allan,Carysfort_reef,USA,,11/26/18,,coral_reef,coral_head,tissue,host-associated
pHS1_15_3_C11-26-18,Persist-Resist,Acropora,palmata,HS1,15,3,409,Ben_Allan,Carysfort_reef,USA,,11/26/18,,coral_reef,coral_head,tissue,host-associated
pHS1_15_4_C11-26-18,Persist-Resist,Acropora,palmata,HS1,15,4,410,Ben_Allan,Carysfort_reef,USA,,11/26/18,,coral_reef,coral_head,tissue,host-associated
pHS1_15_5_C11-26-18,Persist-Resist,Acropora,palmata,HS1,15,5,411,Ben_Allan,Carysfort_reef,USA,,11/26/18,,coral_reef,coral_head,tissue,host-associated
pHS1_18_3_C11-26-18,Persist-Resist,Acropora,palmata,HS1,18,3,412,Ben_Allan,Carysfort_reef,USA,,11/26/18,,coral_reef,coral_head,tissue,host-associated
pHS1_18_4_C11-26-18,Persist-Resist,Acropora,palmata,HS1,18,4,413,Ben_Allan,Carysfort_reef,USA,,11/26/18,,coral_reef,coral_head,tissue,host-associated
pHS1_18_5_C11-26-18,Persist-Resist,Acropora,palmata,HS1,18,5,414,Ben_Allan,Carysfort_reef,USA,,11/26/18,,coral_reef,coral_head,tissue,host-associated
pHS1_17_3_C11-26-18,Persist-Resist,Acropora,palmata,HS1,17,3,415,Ben_Allan,Carysfort_reef,USA,,11/26/18,,coral_reef,coral_head,tissue,host-associated
pHS1_17_4_C11-26-18,Persist-Resist,Acropora,palmata,HS1,17,4,416,Ben_Allan,Carysfort_reef,USA,,11/26/18,,coral_reef,coral_head,tissue,host-associated
pHS1_17_5_C11-26-18,Persist-Resist,Acropora,palmata,HS1,17,5,417,Ben_Allan,Carysfort_reef,USA,,11/26/18,,coral_reef,coral_head,tissue,host-associated
pCN4_25_A_C11-26-18,Persist-Resist,Acropora,palmata,CN4,25,A,418,Ben_Allan,Carysfort_reef,USA,,11/26/18,,coral_reef,coral_head,tissue,host-associated
pCN4_35_3_C11-26-18,Persist-Resist,Acropora,palmata,CN4,35,3,419,Ben_Allan,Carysfort_reef,USA,,11/26/18,,coral_reef,coral_head,tissue,host-associated
pCN4_35__C11-26-18,Persist-Resist,Acropora,palmata,CN4,35,,420,Ben_Allan,Carysfort_reef,USA,,11/26/18,,coral_reef,coral_head,tissue,host-associated
pCN4_35_5_C11-26-18,Persist-Resist,Acropora,palmata,CN4,35,5,424,Ben_Allan,Carysfort_reef,USA,,11/26/18,,coral_reef,coral_head,tissue,host-associated
pAAA3_73_3_C11-26-18,Persist-Resist,Acropora,palmata,AAA3,73,3,425,Ben_Allan,Carysfort_reef,USA,,11/26/18,,coral_reef,coral_head,tissue,host-associated
pML2_78_3_C11-26-18,Persist-Resist,Acropora,palmata,ML2,78,3,426,Ben_Allan,Carysfort_reef,USA,,11/26/18,,coral_reef,coral_head,tissue,host-associated
pML2_78_4_C11-26-18,Persist-Resist,Acropora,palmata,ML2,78,4,427,Ben_Allan,Carysfort_reef,USA,,11/26/18,,coral_reef,coral_head,tissue,host-associated
pML2_78_A_C11-26-18,Persist-Resist,Acropora,palmata,ML2,78,A,428,Ben_Allan,Carysfort_reef,USA,,11/26/18,,coral_reef,coral_head,tissue,host-associated
pCN1_81_3_C11-26-18,Persist-Resist,Acropora,palmata,CN1,81,3,429,Ben_Allan,Carysfort_reef,USA,,11/26/18,,coral_reef,coral_head,tissue,host-associated
pCN1_81_4_C11-26-18,Persist-Resist,Acropora,palmata,CN1,81,4,430,Ben_Allan,Carysfort_reef,USA,,11/26/18,,coral_reef,coral_head,tissue,host-associated
pCN1_81_6_C11-26-18,Persist-Resist,Acropora,palmata,CN1,81,6,434,Ben_Allan,Carysfort_reef,USA,,11/26/18,,coral_reef,coral_head,tissue,host-associated
pSI1_89_3_C11-26-18,Persist-Resist,Acropora,palmata,SI1,89,3,435,Ben_Allan,Carysfort_reef,USA,,11/26/18,,coral_reef,coral_head,tissue,host-associated
pSI1_89_5_C11-26-18,Persist-Resist,Acropora,palmata,SI1,89,5,436,Ben_Allan,Carysfort_reef,USA,,11/26/18,,coral_reef,coral_head,tissue,host-associated
pSI1_89_A_C11-26-18,Persist-Resist,Acropora,palmata,SI1,89,A,437,Ben_Allan,Carysfort_reef,USA,,11/26/18,,coral_reef,coral_head,tissue,host-associated
cK2_4_3_C11-26-18,Persist-Resist,Acropora,cervicornis,K2,4,3,441,Ben_Allan,Carysfort_reef,USA,,11/26/18,,coral_reef,coral_head,tissue,host-associated
cK2_4_4_C11-26-18,Persist-Resist,Acropora,cervicornis,K2,4,4,442,Ben_Allan,Carysfort_reef,USA,,11/26/18,,coral_reef,coral_head,tissue,host-associated
cK2_4_5_C11-26-18,Persist-Resist,Acropora,cervicornis,K2,4,5,443,Ben_Allan,Carysfort_reef,USA,,11/26/18,,coral_reef,coral_head,tissue,host-associated
cK2_2_3_C11-26-18,Persist-Resist,Acropora,cervicornis,K2,2,3,444,Ben_Allan,Carysfort_reef,USA,,11/26/18,,coral_reef,coral_head,tissue,host-associated
cK2_2_4_C11-26-18,Persist-Resist,Acropora,cervicornis,K2,2,4,445,Ben_Allan,Carysfort_reef,USA,,11/26/18,,coral_reef,coral_head,tissue,host-associated
cK2_2_5_C11-26-18,Persist-Resist,Acropora,cervicornis,K2,2,5,446,Ben_Allan,Carysfort_reef,USA,,11/26/18,,coral_reef,coral_head,tissue,host-associated
cK2_5_3_C11-26-18,Persist-Resist,Acropora,cervicornis,K2,5,3,447,Ben_Allan,Carysfort_reef,USA,,11/26/18,,coral_reef,coral_head,tissue,host-associated
cK2_5_4_C11-26-18,Persist-Resist,Acropora,cervicornis,K2,5,4,448,Ben_Allan,Carysfort_reef,USA,,11/26/18,,coral_reef,coral_head,tissue,host-associated
cK2_5_5_C11-26-18,Persist-Resist,Acropora,cervicornis,K2,5,5,449,Ben_Allan,Carysfort_reef,USA,,11/26/18,,coral_reef,coral_head,tissue,host-associated
cM5_9_3_C11-26-18,Persist-Resist,Acropora,cervicornis,M5,9,3,450,Ben_Allan,Carysfort_reef,USA,,11/26/18,,coral_reef,coral_head,tissue,host-associated
cM5_9_4_C11-26-18,Persist-Resist,Acropora,cervicornis,M5,9,4,451,Ben_Allan,Carysfort_reef,USA,,11/26/18,,coral_reef,coral_head,tissue,host-associated
cM5_9_5_C11-26-18,Persist-Resist,Acropora,cervicornis,M5,9,5,452,Ben_Allan,Carysfort_reef,USA,,11/26/18,,coral_reef,coral_head,tissue,host-associated